-- phpMyAdmin SQL Dump
-- version 4.6.6deb4
-- https://www.phpmyadmin.net/
--
-- Client :  sqletud.u-pem.fr
-- Généré le :  Ven 07 Juin 2019 à 12:09
-- Version du serveur :  5.5.62-0+deb8u1-log
-- Version de PHP :  7.0.33-0+deb9u3

SET SQL_MODE = "NO_AUTO_VALUE_ON_ZERO";
SET time_zone = "+00:00";


/*!40101 SET @OLD_CHARACTER_SET_CLIENT=@@CHARACTER_SET_CLIENT */;
/*!40101 SET @OLD_CHARACTER_SET_RESULTS=@@CHARACTER_SET_RESULTS */;
/*!40101 SET @OLD_COLLATION_CONNECTION=@@COLLATION_CONNECTION */;
/*!40101 SET NAMES utf8mb4 */;

--
-- Base de données :  `fcourtoi_db`
--

-- --------------------------------------------------------

--
-- Structure de la table `Commentaires`
--

CREATE TABLE `Commentaires` (
  `id` int(11) NOT NULL,
  `pseudo` varchar(30) NOT NULL,
  `text` text NOT NULL
) ENGINE=InnoDB DEFAULT CHARSET=utf8;

--
-- Contenu de la table `Commentaires`
--

INSERT INTO `Commentaires` (`id`, `pseudo`, `text`) VALUES
(33, 'Kiwi', 'Ce site est vraiment bien et le quiz est très intéressant'),
(34, 'YahooBouquet', 'Avignon est un très bon site culturel'),
(35, 'Hereal', 'Contenu complet'),
(38, 'Moi', 'Beau site');

-- --------------------------------------------------------

--
-- Structure de la table `Langue`
--

CREATE TABLE `Langue` (
  `code` varchar(2) NOT NULL,
  `libelle` varchar(20) NOT NULL
) ENGINE=InnoDB DEFAULT CHARSET=utf8;

--
-- Contenu de la table `Langue`
--

INSERT INTO `Langue` (`code`, `libelle`) VALUES
('ch', 'Chinois'),
('en', 'English'),
('fr', 'Français');

-- --------------------------------------------------------

--
-- Structure de la table `Page`
--

CREATE TABLE `Page` (
  `nom` varchar(20) NOT NULL,
  `libelle` varchar(20) NOT NULL
) ENGINE=InnoDB DEFAULT CHARSET=utf8;

--
-- Contenu de la table `Page`
--

INSERT INTO `Page` (`nom`, `libelle`) VALUES
('apropos', 'A propos'),
('artisanat', 'Artisanat'),
('event', 'Evénement'),
('gastro', 'Gastronomie'),
('histoire', 'Histoire'),
('index', 'Index'),
('navBar', 'Barre de navigation'),
('pdp', 'Palais des Papes'),
('pont', 'Pont d\'avignon'),
('quizz', 'Quizz');

-- --------------------------------------------------------

--
-- Structure de la table `Paragraphes`
--

CREATE TABLE `Paragraphes` (
  `id` int(11) NOT NULL,
  `Text` text NOT NULL,
  `code` varchar(2) NOT NULL,
  `nomPage` varchar(20) NOT NULL,
  `format` char(2) DEFAULT NULL
) ENGINE=InnoDB DEFAULT CHARSET=utf8;

--
-- Contenu de la table `Paragraphes`
--

INSERT INTO `Paragraphes` (`id`, `Text`, `code`, `nomPage`, `format`) VALUES
(1, 'class=\"home_picture\" src=\"../Images/abbaye.jpg\" alt=\"Lavande\"', 'fr', 'gastro', 'IM'),
(2, 'GASTRONOMIE', 'fr', 'gastro', 'TP'),
(3, '<br>La Papaline d\'Avignon', 'fr', 'gastro', 'T1'),
(4, 'src=\"../Images/Papalines.jpg\" class=\"pdp_plan\" alt=\"Papalines d\'Avignon\" align=\"left\" hspace=\"4%\"', 'fr', 'gastro', 'IM'),
(5, 'La Papaline d’Avignon, comme son nom l’indique, est une spécialité de la ville d’Avignon, faisant référence au règne des Papes à Avignon pendant près d’un siècle. C’est un bonbon constitué de deux fines couches de chocolats et de liqueur (à base d’origan du Comtat). Son enrobage de chocolat est coloré pour notamment rappeler la robe des cardinaux. Cette gourmandise, inscrite à l’inventaire du Patrimoine National des Spécialités Françaises, se vend à la quantité d’environ 5 tonnes chaque année et n’est proposé par qu’une soixantaine de pâtissiers-confiseurs ! De quoi régaler vos papilles ! ', 'fr', 'gastro', 'TB'),
(6, 'LES PÂTISSIERS DES PAPALINES :<br><br>', 'fr', 'gastro', 'T3'),
(7, 'http://patissiers-chocolatiers-vaucluse.com/index.php?perma=1311078749\" class=\"beauty-link', 'fr', 'gastro', 'AH'),
(8, '22, rue du Vieux-Sextier<br>84000 Avignon', 'fr', 'gastro', 'AT'),
(9, '<br>Le Papeton d\'Avignon', 'fr', 'gastro', 'T1'),
(10, 'class=\"home_picture\" src=\"../Images/abbaye.jpg\" alt=\"Lavande\"', 'en', 'gastro', 'IM'),
(11, 'src=\"../Images/Papeton_Avignon.jpg\" class=\"pdp_plan\" alt=\"Papeton d\'Avignon\" align=\"right\" hspace=\"4%\"', 'fr', 'gastro', 'IM'),
(12, 'GASTRONOMY', 'en', 'gastro', 'TP'),
(13, 'Une autre spécialité qui donne aussi faim que la première : le Papeton d’Avignon ! Encore appelé “aubergine des Papes”, c’est en réalité un flan vauclusien à base de caviar d’aubergine. Le “Papeton” était autrefois l’épi de maïs égrainé, nommé ainsi pour sa couleur dorée. Il est à l’origine d’une des paroles du cuisinier romain du Pape à son homologue provençal. En effet, ce-premier déclare que “la cuisine italienne est plus sophistiquée que la votre”. Son homologue décide donc de la réaliser cette spécialité, qui fut appréciée par le Pontife avec ses vives couleurs. ', 'fr', 'gastro', 'TB'),
(14, 'Augustin Traiteur <br>\r\n                <br>', 'fr', 'gastro', 'T3'),
(15, 'https://www.traiteur-augustin.com/fr/les-repas-repas-a-emporter\" class=\"beauty-link', 'fr', 'gastro', 'AH'),
(16, '19 Bd Frédéric Mistral <br>\n                30400 Villeneuve les Avignon', 'fr', 'gastro', 'AT'),
(17, '<br>\"Papaline d\'Avignon\"', 'en', 'gastro', 'T1'),
(18, '<br><br><br>Les oreillettes d\'Avignon', 'fr', 'gastro', 'T1'),
(19, 'src=\"../Images/Oreillettes.jpg\" class=\"pdp_plan\" alt=\"Oreillettes d\'Avignon\" align=\"left\" hspace=\"4%\"', 'fr', 'gastro', 'IM'),
(20, 'L’oreillette est un beignet à pâte fine et croustillante, taillée en longueur.\n        On les manges notamment avec du sucre. C’est en réalité une tradition à Noël de manger l’oreillette\n        avec son pain riche qui la compose.', 'fr', 'gastro', 'TB'),
(21, 'CHEZ MAMÉ - DOMAINE SAINT VICTOR\n                <br>\n                <br>', 'fr', 'gastro', 'T3'),
(22, 'src=\"../Images/Papalines.jpg\" class=\"pdp_plan\" alt=\"Papalines d\'Avignon\" align=\"left\" hspace=\"4%\"', 'en', 'gastro', 'IM'),
(23, 'https://www.petitfute.com/v33601-la-tour-d-aigues-84240/c1165-restaurants/c4-cuisine-francaise/1448180-chez-mame-domaine-saint-victor.html\" class=\"beauty-link', 'fr', 'gastro', 'AH'),
(24, 'The “Papaline d’Avignon” its one of the many gastronomic specialties from Avignon, it’s a plate that refers  to the Papal Era in Avignon that lasted more than a century.\n            It is a sweet composed of two delicate layers of chocolate accompanied by liqueur (traditionally “Origan du Comtat” liqueur ). Its chocolate coating is colorful, alluding to the Cardinal’s vestments.\n            This sweet treat is listed as National Heritage of French’s Culinary Specialtie; about five tons are sold annually though it is only produced by just about sixty pastry chefs!\n\n            Enough to make you hungry am I right ?', 'en', 'gastro', 'TB'),
(25, 'Quartier Saint Victor <br>\n                21, chemin de la Routidouire - D246 <br>\n                84240 La Tour-d\'Aigues', 'fr', 'gastro', 'AT'),
(26, 'LES PÂTISSIERS DES PAPALINES :<br><br>', 'en', 'gastro', 'T3'),
(27, 'http://patissiers-chocolatiers-vaucluse.com/index.php?perma=1311078749\" class=\"beauty-link', 'en', 'gastro', 'AH'),
(28, '22, rue du Vieux-Sextier<br>84000 Avignon', 'en', 'gastro', 'AT'),
(29, '<br>\"Le Papeton d\'Avignon\"', 'en', 'gastro', 'T1'),
(30, 'src=\"../Images/Papeton_Avignon.jpg\" class=\"pdp_plan\" alt=\"Papeton d\'Avignon\" align=\"right\" hspace=\"4%\"', 'en', 'gastro', 'IM'),
(31, 'Another one of Avignon’s specialties is known under the name of “Papeton d’Avignon”. It is a custard made of eggplant caviar. In the past this recipe was known as “l’épi de maïs égrainé”, named after its golden color. This dish originated from a dispute between two of the Pope’s chefs, where one of them, born in Italy, claimed that Italian cuisine was by far more sophisticated than French cuisine. In view of that fact the French chef designed the “Papeton d’Avignon” that was greatly appreciated by the pontiff. ', 'en', 'gastro', 'TB'),
(32, 'class=\"img_hotelDeVille\" src=\"../Images/hotelDeVille.jpg\" alt=\"Hotel De Ville\"', 'fr', 'artisanat', 'IM'),
(34, 'Avignon et ses artisans', 'fr', 'artisanat', 'TP'),
(35, 'Augustin Traiteur <br>\n                <br>', 'en', 'gastro', 'T3'),
(36, 'https://www.traiteur-augustin.com/fr/les-repas-repas-a-emporter\" class=\"beauty-link', 'en', 'gastro', 'AH'),
(37, '19 Bd Frédéric Mistral <br>\n                30400 Villeneuve les Avignon', 'en', 'gastro', 'AT'),
(38, '<br>La Lutherie d\'Avignon', 'fr', 'artisanat', 'T1'),
(39, 'src=\"../Images/lutherie.jpeg\" class=\"pdp_plan\" alt=\"Lutherie\" align=\"left\" hspace=\"4%\"', 'fr', 'artisanat', 'IM'),
(40, '<br><br><br>\"L\'oreillette\"', 'en', 'gastro', 'T1'),
(41, 'La ville est connue pour abriter de nombreux luthiers,\n					dont la Lutherie d’Avignon qui,\n					sous les rênes de la luthière grecque Katerina Fronista,\n					contribua beaucoup à la réputation de la ville dans ce domaine.\n\n					Elle se situe dans le centre ville historique\n					et est spécialisée dans la fabrication\n					et la réparation d’instruments à cordes.', 'fr', 'artisanat', 'TB'),
(42, 'src=\"../Images/Oreillettes.jpg\" class=\"pdp_plan\" alt=\"Oreillettes d\'Avignon\" align=\"left\" hspace=\"4%\"', 'en', 'gastro', 'IM'),
(43, 'The “Oreillette” is a fritter formed by a thin and crusty batter. This pastry is usually sprinkled with white sugar. This pastry is more commonly sold during the Christmas season as it is a tradition for Avignon’s residents to enjoy it during the end of the year celebrations. ', 'en', 'gastro', 'TB'),
(44, 'CHEZ MAMÉ - DOMAINE SAINT VICTOR\n                <br>\n                <br>', 'en', 'gastro', 'T3'),
(45, 'DM LUTHERIE<br>\n            <br>', 'fr', 'artisanat', 'T3'),
(46, 'https://www.petitfute.com/v33601-la-tour-d-aigues-84240/c1165-restaurants/c4-cuisine-francaise/1448180-chez-mame-domaine-saint-victor.html\" class=\"beauty-link', 'en', 'gastro', 'AH'),
(47, 'Quartier Saint Victor <br>\n                21, chemin de la Routidouire - D246 <br>\n                84240 La Tour-d\'Aigues', 'en', 'gastro', 'AT'),
(48, 'http://www.fronistalutherie.com\" class=\"beauty-link', 'fr', 'artisanat', 'AH'),
(50, '17 Rue Saint-Etienne\n				84000 Avignon<br>\n				04 90 85 65 88\n				kvfro@wanadoo.fr', 'fr', 'artisanat', 'AT'),
(51, '<br>Restaurations d\'oeuvres d\'art et dorures', 'fr', 'artisanat', 'T1'),
(52, 'src=\"../Images/chasseEtPeche.jpg\" id=img_chasseEtPeche alt=\"Tableau Chasse et Peche\" align=\"right\" hspace=\"4%\" class=\"pdp_plan\"', 'fr', 'artisanat', 'IM'),
(53, 'Dû au fort patrimoine culturel et artistique de la ville,\n					des restaurateurs d’oeuvres d’art s’y sont installés\n					pour notamment rénover et remettre au goût du jour\n					les tableaux entreposés dans les musées de la ville.\n\n					Avignon est plus spécifiquement réputée pour ses ateliers de dorure.\n					Le travail de ces artisans consiste à appliquer une couche de produit doré:\n					poudre, peinture ou feuille,sur un matériau spécifique.', 'fr', 'artisanat', 'TB'),
(54, 'Doreur local\n                <br>\n                <br>', 'fr', 'artisanat', 'T3'),
(55, 'http://www.atelieryvan.fr\" class=\"beauty-link', 'fr', 'artisanat', 'AH'),
(56, 'Atelier Yvan - SARL Saint-Antonin\n                    <br>\n                    97 Rue de la Carreterie\n                    84000 Avignon\n                    04 90 82 64 84', 'fr', 'artisanat', 'AT'),
(57, '<br>Porcelaine et céramique', 'fr', 'artisanat', 'T1'),
(58, 'src=\"../Images/porcelaine.jpg\" class=\"pdp_plan\" alt=\"Porcelaine\" align=\"left\" hspace=\"4%\"', 'fr', 'artisanat', 'IM'),
(59, 'Vous pouvez enfin trouver en ville quelques artisans\n                        de porcelaine et de céramique.\n                        Avignon a notamment donné naissance à une célèbre société\n						dans l\'industrie de ce domaine\n						: Avignon Ceramic.\n\n						Cette société a une histoire authentique\n						dans ce domaine et a notamment reçu dans son usine\n						en 2011 le président français Nicolas Sarkozy\n						dans le cadre du Pôle d\'Excellence Rurale.', 'fr', 'artisanat', 'TB'),
(60, 'La Porcelaine Blanche\n                        <br>\n                        <br>', 'fr', 'artisanat', 'T3'),
(61, 'https://www.pagesjaunes.fr/pros/04755317\" class=\"beauty-link', 'fr', 'artisanat', 'AH'),
(62, '12 Rue Des Trois Faucons, 84000 Avignon', 'fr', 'artisanat', 'AT'),
(63, 'Festival d\'avignon', 'fr', 'event', 'TP'),
(64, ' Le festival d\'Avignon se déroule tous les ans depuis 1947, il a lieu pendant la période estivale en juillet. Il met en avant des oeuvres contemporaines, ce sont des pièces de théâtre, des spectacles vivants, et des expositions, qui sont souvent des premières mondiales. La particularité de ce festival c\'est qu\'il est au coeur de la ville, il est à ciel ouvert et de ce fait ouvert à tous, tout le patrimoine architectural de la ville accompagne ce festival. En effet beaucoup de scènes sont installées autour du patrimoine de la ville, ce qui tranforme Avignon en une ville théâtre. Aujourd\'hui le festival se présente comme l\'une des plus importantes manifestations internationales du spectacle vivant. ', 'fr', 'event', 'TB'),
(65, 'class=\"gallery_image\" src=\"../Images/Festival_dAvignon_1.jpg\" alt=\"Festival d\'Avignon\"', 'fr', 'event', 'IM'),
(66, 'class=\"gallery_image\" src=\"../Images/Festival_dAvignon_2.jpg\" alt=\"Festival d\'Avignon\"', 'fr', 'event', 'IM'),
(67, 'class=\"gallery_image\" src=\"../Images/Festival_dAvignon_3.jpg\" alt=\"Festival d\'Avignon\"', 'fr', 'event', 'IM'),
(68, '<h2>\r\nInfos Pratiques<br></h2>\r\n', 'fr', 'event', 'T3'),
(69, 'http://www.festival-avignon.com\" class=\"beauty-link', 'fr', 'event', 'AH'),
(70, '<h3><br>Site du festival</h3>', 'fr', 'event', 'AT'),
(71, 'http://www.festival-avignon.com/fr/reservations-tarifs\" class=\"beauty-link', 'fr', 'event', 'AH'),
(72, '<h3>Reservation et billeterie\r\n            <br>Téléphone : 04 90 14 14 14\r\n        </h3>', 'fr', 'event', 'AT'),
(74, 'Expositions', 'fr', 'event', 'TP'),
(75, 'Dans le cadre du Forum Unesco_upem, une conférence sur les activités du forum et de l\'innovation pédagogique, que Monsieur Patrick CALLET porte, sera présenté à Avignon. Parallélement une exposition réalisée par des étudiants et un collectif d\'artistes photographes sera présentée dans 3 lieux à Avignon. Celle-ci portera sur le patrimoine de la ville avec pour thème le patrimoine numérique et couleurs. ', 'fr', 'event', 'TB'),
(76, '', 'fr', 'event', 'T3'),
(77, '../Documents/Plaquette.pdf\" class=\"beauty-link', 'fr', 'event', 'AH'),
(78, '<h2>Plaquette de l\'évenement</h2>', 'fr', 'event', 'AT'),
(79, 'Avignon\'s festival ', 'en', 'event', 'TP'),
(80, 'The Avignon’s festival takes place yearly since 1947, it comes into being during summer in July and highlights contemporary pieces of art, live shows, exhibitions,… Some of the defining features of this event are: its location, this festival takes place in the core of the city, the festival is outdoors and therefore open to everybody. This results in a sort of harmony between this festival and the city’s architecture. Indeed a large amount of this festival’s stages are installed around the city’s cultural inheritance, transforming Avignon into a giant stage. Nowadays the Avignon’s festival is classified as one of the most important live productions worldwide. ', 'en', 'event', 'TB'),
(81, 'class=\"gallery_image\" src=\"../Images/Festival_dAvignon_1.jpg\" alt=\"Festival d\'Avignon\"', 'en', 'event', 'IM'),
(82, 'class=\"gallery_image\" src=\"../Images/Festival_dAvignon_2.jpg\" alt=\"Festival d\'Avignon\"', 'en', 'event', 'IM'),
(83, 'class=\"gallery_image\" src=\"../Images/Festival_dAvignon_3.jpg\" alt=\"Festival d\'Avignon\"', 'en', 'event', 'IM'),
(84, '<h2>\r\nUseful informations<br></h2>\r\n', 'en', 'event', 'T3'),
(85, 'http://www.festival-avignon.com\" class=\"beauty-link', 'en', 'event', 'AH'),
(86, '<br><h3>Festival website</h3>\r\n', 'en', 'event', 'AT'),
(87, 'http://www.festival-avignon.com/fr/reservations-tarifs\" class=\"beauty-link', 'en', 'event', 'AH'),
(88, '<h3>Reservation\r\n            <br>Phone number : 04 90 14 14 14</h3>\r\n        ', 'en', 'event', 'AT'),
(89, 'Expositions', 'en', 'event', 'TP'),
(90, 'Within the framework of our partnership with the UNESCO_UPEM Forum, a conference about its activities and its educational innovations, produced by Mr. Patrick Callet, will be presented in Avignon. Alongside it, an exhibition created by students and a group of photographic artists will take place in three places throughout the city. This last will focus on Avignon’s Heritage with a point of convergence towards the numeric and colors heritage. ', 'en', 'event', 'TB'),
(91, '', 'en', 'event', 'T3'),
(92, '../Documents/Plaquette.pdf\" class=\"beauty-link', 'en', 'event', 'AH'),
(93, '<h2>Leaflet</h2>', 'en', 'event', 'AT'),
(94, 'Histoire', 'fr', 'histoire', 'TP'),
(98, '', 'fr', 'histoire', 'TM'),
(99, '#pont_p1 id=\"pont_p1\">Une cité antique', 'fr', 'histoire', 'MP'),
(100, '#pont_p2>Avignon au temps des papes', 'fr', 'histoire', 'MP'),
(101, '#pont_p3>Avignon tel qu’on connaît aujourd’hui', 'fr', 'histoire', 'MP'),
(103, '', 'fr', 'histoire', 'TB'),
(104, 'Une cité antique', 'fr', 'histoire', 'T1'),
(105, 'Des origines préhistoriques<br>', 'fr', 'histoire', 'T2'),
(106, 'Les origines d’Avignon remontent tout d’abord à la Préhistoire.\n            En effet, l’un des reliefs d’Avignon servait de place forte mais aussi de refuge. Il est aujourd’hui connu sous le nom de Rocher des Doms, où se situe essentiellement le site du patrimoine historique et culturel de la ville.\n        ', 'fr', 'histoire', 'PA'),
(109, 'Une ville gallo-romaine<br>', 'fr', 'histoire', 'T2'),
(110, '<div id=pont_p2></div>\n            Avignon signifiait alors “ville du fleuve” ou “ville du grand vent” car la ville est encore de nos jours traversée par le Rhône et touchée par le mistral du Sud-Ouest de la France.\n            De nombreux vestiges nous indique qu’Avignon est ensuite devenue une cité romaine fortifiée, tout comme Arles, la plus connue de la région de par ses arènes.<br>\n', 'fr', 'histoire', 'PA'),
(111, '<br>Avignon au temps des papes', 'fr', 'histoire', 'T1'),
(112, 'Installation des papes<br>', 'fr', 'histoire', 'T2'),
(113, 'La ville continua à se développer et à se fortifier au Moyen-Age.\n            Au XIIème siècle, la ville est reconnue comme appartenant au Royaume d’Arles puis au Comté de Provence. Avignon, après avoir obtenu son statut de “commune” sous la suzeraineté des Comtes de Provence et de Toulouse, fut alors\n            prise par Louis VIII, roi de France, en 1228. En 1274, Avignon fut cédée au Saint-Siège et le pape Clément V y installe sa résidence en 1305, suite à des troubles sévissant en Italie. Six autres papes lui succédèrent et vécurent\n            alors à Avignon.', 'fr', 'histoire', 'PA'),
(116, '<br>Influence européenne', 'fr', 'histoire', 'T2'),
(117, '<div id=\"pont_p3\"></div>\n            L’installation de la papauté dans la ville lui offrit un rayonnement européen sans précédent: elle vit son nombre d’habitants augmenter de 6000 à plus de 100 000 habitants en quelques années, de nombreux bâtiments ecclésiastiques\n            furent érigés, dont le Palais des Papes, et l’ensemble de la ville fut embellie.\n            Grégoire XI, le dernier des six papes, repartit néanmoins à Rome en 1374. Suite à sa mort, il exista deux papes du Grand Schisme jusqu’en 1417, un à Avignon et un à Rome.\n        ', 'fr', 'histoire', 'PA'),
(118, '<br>Avignon tel qu’on connaît aujourd’hui', 'fr', 'histoire', 'T1'),
(119, 'Une capitale de Province', 'fr', 'histoire', 'T2'),
(120, 'Même après leur départ, la ville restera encore sous la propriété de la papauté pendant plus de trois siècles par l’intermédiaire du légat apostolique, représentant du pape chargé d’une mission diplomatique. Avignon garda\n            néanmoins son importance notamment grâce à ses nouveaux aménagements mais aussi sa situation géographique.\n            En effet, elle se situe à un carrefour privilégié entre la route d’Italie-Espagne et l’axe Nord-Sud. De plus, la ville de par sa fortification a grandement servi lors des guerres entre François Ier et Charles Quint.\n       ', 'fr', 'histoire', 'PA'),
(121, '<br>Et française à part entière', 'fr', 'histoire', 'T2'),
(122, 'Le pont subit des destructions multiples à partir de 1226 lors du siège de Louis VIII. Il est reconstruit une première fois, tout en relevant le tablier, où l’on substitua le bois à la pierre pour mieux supporter la charge des flux\n            marchands. Les destructions s’enchainèrent mais le pont fut tout le temps reconstruit jusqu’au 17ème siècle. Les crues devinrent soudain trop importantes et l’ordre religieux cessa alors de financer toute reconstruction. Le pont est\n            alors abandonné et il ne reste aujourd’hui que 4 arches sur 22 initialement.', 'fr', 'histoire', 'PA'),
(123, 'Historical knowledge', 'en', 'histoire', 'TP'),
(124, '', 'en', 'histoire', 'TM'),
(125, '#pont_p1 id=\"pont_p1\">An ancient city', 'en', 'histoire', 'MP'),
(126, '#pont_p2>The Era of Popes', 'en', 'histoire', 'MP'),
(127, '#pont_p3>Avignon as we know it today', 'en', 'histoire', 'MP'),
(128, '', 'en', 'histoire', 'TB'),
(129, 'An ancient city...', 'en', 'histoire', 'T1'),
(130, '...with a prehistorical genesis', 'en', 'histoire', 'T2'),
(131, 'Avignon’s origins date back to the prehistoric epoch.\n            As a matter of fact, one of the Avignon’s relief was a stronghold and refuge simultaneously. Today this relief is known under the name of “Rocher des Doms”, where is located most of the city’s historical and cultural heritage.\n        ', 'en', 'histoire', 'PA'),
(132, 'A Gallo-Roman district', 'en', 'histoire', 'T2'),
(133, '<div id=pont_p2></div>\n          The name “Avignon” meant, at the time, “river city” or “great wind city” on the grounds that even in our time the city is crossed by the Rhône river and it’s frequently hit by the mistral (winds arriving from the southwest of France).\n            Numerous vestiges show us that afterwards, the city of Avignon became Roman taking place as a fortified city in the Roman Empire.\n        <br>\n', 'en', 'histoire', 'PA'),
(134, '<br>The Era of Popes', 'en', 'histoire', 'T1'),
(135, 'The Papacy moves to Avignon', 'en', 'histoire', 'T2'),
(136, 'During the middle ages Avignon continued developing and fortifying itself. Avignon was recognized as a province belonging to the Kingdom of Arles in the 12th century and later on to the “Comté de Provence”. Afterwards, the city was taken\n            by the Kingdom of France under the ruling of Louis VIII in 1226. In 1274 Avignon was yielded to the Papacy and the Pope Clement V moved to the city in 1305 in consequence of problems concerning social stability in Italy. In the following\n            decades, six others popes succeeded Clement V and resided in Avignon.', 'en', 'histoire', 'PA'),
(137, 'Avignon’s Influence', 'en', 'histoire', 'T2'),
(138, '<div id=\"pont_p3\"></div>\n After the Papacy was established in Avignon, the city was emerged in a great spotlight that drastically increased their influence throughout Europe. It’s residents raised from 6000 to over 100 000 in just a few years, countless\n            ecclesiastic structures were erect, among them the famous “Pope’s Palace”.\n            Grégoire XI, the last one of the six Popes residing in Avignon, moved back to Rome in 1374. However after his death and during the “schism 1054” two Popes coexisted, one in Avignon and the other in Rome.\n        \n        ', 'en', 'histoire', 'PA'),
(139, '<br>Avignon as we know it today', 'en', 'histoire', 'T1'),
(140, 'A major city of it\'s district', 'en', 'histoire', 'T2'),
(141, 'After the Pope’s departure, Avignon was kept under the Papacy domain for over three centuries where pope’s representative acted as an intermediary. Also, the city kept a high degree of influence thanks to it’s high developments\n            concerning structures and it’s geographical position. Avignon is situated in a privileged intersection between an Italie-Spain route and the Nord-South road link.\n            Besides the city proven to be useful everytime that a military conflict took place thanks to it’s fortifications.\n       ', 'en', 'histoire', 'PA'),
(142, '<br>… and French in its own right', 'en', 'histoire', 'T2'),
(143, '  During the Renaissance, various artists, both French and Italian, moved to Avignon, also, the nobility did the same to occupy the old ecclesiastical buildings.\n            It’s not until 1790 that the residents started a rebellion demanding the return of the city to the French Kingdom. Two years after the beginning of this rebellion, Avignon was acknowledged as a part of the French Empire.\n       ', 'en', 'histoire', 'PA'),
(144, '<h1>L\'équipe</h1><hr>', 'fr', 'apropos', 'T3'),
(145, '<br>Billard Lucas\r\n			<br>Chef de projet', 'fr', 'apropos', 'DP'),
(146, 'https://www.linkedin.com/in/lucas-billard-69b549175/', 'fr', 'apropos', 'AH'),
(147, '<img class=\"profil\" src=\"../Images/lucas.jpg\" alt=\"Billard Lucas\">', 'fr', 'apropos', 'AT'),
(148, '<br>Maia Alexandre\r\n			<br>Traducteur', 'fr', 'apropos', 'DP'),
(149, 'https://www.linkedin.com/in/alexandre-maia-7b00b9175/', 'fr', 'apropos', 'AH'),
(150, '<img class=\"profil\" src=\"../Images/alexandre.jpg\" alt=\"Maia Alexandre\">', 'fr', 'apropos', 'AT'),
(151, '<br>Courtois Fabien\r\n			<br>Rédacteur', 'fr', 'apropos', 'DP'),
(152, 'https://www.linkedin.com/in/fabien-courtois-71797b174/', 'fr', 'apropos', 'AH'),
(153, '<img class=\"profil\" src=\"../Images/fabien.jpg\" alt=\"Courtois Fabien\">', 'fr', 'apropos', 'AT'),
(154, '<br>Fernandes Nicolas\r\n			<br>Rédacteur', 'fr', 'apropos', 'DP'),
(155, 'https://www.linkedin.com/in/nicolas-fernandes-052980174/', 'fr', 'apropos', 'AH'),
(156, '<img class=\"profil\" src=\"../Images/nicolas.jpg\" alt=\"Fernandes Nicolas\">', 'fr', 'apropos', 'AT'),
(157, '<br>Fournier Loïc\r\n			<br>Ergonome', 'fr', 'apropos', 'DP'),
(158, 'https://www.linkedin.com/in/lo%C3%AFc-fournier/', 'fr', 'apropos', 'AH'),
(159, '<img class=\"profil\" src=\"../Images/loic.jpg\" alt=\"Pont Fournier Loïc\">', 'fr', 'apropos', 'AT'),
(160, '<h1 >Projet</h1><hr>', 'fr', 'apropos', 'T3'),
(161, 'En partenariat avec le forum UNESCO, nous avons réalisé un projet tutoré au sein du DUT Informatique de l\'Université Paris-Est Marne la Vallée sur le patrimoine de la ville d\'Avignon.', 'fr', 'apropos', 'TB'),
(162, '<h1 >Nos partenariats</h1><hr>', 'fr', 'apropos', 'T3'),
(163, 'http://www.u-pem.fr/\" class=\"beauty-link', 'fr', 'apropos', 'AH'),
(164, '<img class=\"partenaire\" style=\"margin-bottom: 2%;\" src=\"../Images/upem.png\" alt=\'Université de Paris-Est Marne-la-Valée\' >', 'fr', 'apropos', 'AT'),
(165, 'https://fr.unesco.org\" class=\"beauty-link', 'fr', 'apropos', 'AH'),
(166, '<img class=\"partenaire\" src=\"../Images/unesco.png\" alt=\'UNESCO\'>', 'fr', 'apropos', 'AT'),
(167, 'http://idea.univ-paris-est.fr/fr/projets-lances/document-2783.html\" class=\"beauty-link', 'fr', 'apropos', 'AH'),
(168, '<img class=\"partenaire\" src=\"../Images/forum.png\" alt=\'Forum\'>', 'fr', 'apropos', 'AT'),
(169, 'http://idea.univ-paris-est.fr/fr\" class=\"beauty-link', 'fr', 'apropos', 'AH'),
(170, '<img class=\"partenaire\" style=\"margin-bottom: 2%;\" src=\"../Images/IDEA.png\" alt=\'IDEA\'>', 'fr', 'apropos', 'AT'),
(171, 'http://www.agence-nationale-recherche.fr/\" class=\"beauty-link', 'fr', 'apropos', 'AH'),
(172, '<img class=\"partenaire\" src=\"../Images/ANR.png\" alt=\'ANR\'>', 'fr', 'apropos', 'AT'),
(173, 'http://www.enseignementsup-recherche.gouv.fr/pid24578/investissements-d-avenir.html\" class=\"beauty-link', 'fr', 'apropos', 'AH'),
(174, '<img class=\"partenaire\" src=\"../Images/avenir.png\"  alt=\"Investissements de l\\\'avenir\" >', 'fr', 'apropos', 'AT'),
(175, '<h1>Intervenants</h1><hr>\r\n			<h2> L\'équipe pédagogique</h2>', 'fr', 'apropos', 'T3'),
(177, '', 'fr', 'apropos', 'PA'),
(178, 'https://www.linkedin.com/in/tewfikettayeb/?originalSubdomain=fr\" class=\"beauty-link', 'fr', 'apropos', 'AH'),
(179, 'ETTAYEB Tewfik<br>', 'fr', 'apropos', 'AT'),
(180, 'https://www.linkedin.com/in/david-cessy-b8042239/\" class=\"beauty-link', 'fr', 'apropos', 'AH'),
(181, 'CESSY David<br>', 'fr', 'apropos', 'AT'),
(182, 'https://www.linkedin.com/in/yann-reby/\" class=\"beauty-link', 'fr', 'apropos', 'AH'),
(183, 'REBY Yann<br>', 'fr', 'apropos', 'AT'),
(229, '<br><h2>Sources iconographiques</h2>', 'fr', 'apropos', 'PA'),
(230, 'http://emeline-cardinet.com/\" class=\"beauty-link', 'fr', 'apropos', 'AH'),
(231, 'Logos :  CARDINET Emeline<br>', 'fr', 'apropos', 'AT'),
(232, 'https://www.icomos.org/fr/chartes-et-normes/index.php?option=com_contact&view=contact&catid=174:staff-icomos&id=9-lucile-smirnov\" class=\"beauty-link', 'fr', 'apropos', 'AH'),
(233, 'Icomos : SMIRNOV Lucile<br>', 'fr', 'apropos', 'AT'),
(235, '<span style=\"font-size:20px;\">Traduction chinois : Xunyue Hu</span><br>', 'fr', 'apropos', 'PA'),
(236, '<br><h2>Sources documentaires</h2>', 'fr', 'apropos', 'PA'),
(237, 'https://www.icomos.org/fr/\" class=\"beauty-link', 'fr', 'apropos', 'AH'),
(238, '<img class=\"footer-img\" src=\"../Images/Icomos.png\" alt=\"Logo Icomos\"><br><br>', 'fr', 'apropos', 'AT'),
(239, 'http://www.palais-des-papes.com/fr\" class=\"beauty-link', 'fr', 'apropos', 'AH'),
(240, 'Site officiel du Palais des Papes<br>', 'fr', 'apropos', 'AT'),
(241, 'http://www.avignon-et-provence.com/monuments/pont-davignon\" class=\"beauty-link', 'fr', 'apropos', 'AH'),
(242, 'Site Avignon et provence', 'fr', 'apropos', 'AT'),
(243, '<h1>The Team</h1><hr>', 'en', 'apropos', 'T3'),
(244, '<br>Billard Lucas\r\n			<br>Project lead', 'en', 'apropos', 'DP'),
(245, 'https://www.linkedin.com/in/lucas-billard-69b549175/', 'en', 'apropos', 'AH'),
(246, '<img class=\"profil\" src=\"../Images/lucas.jpg\" alt=\"Billard Lucas\">', 'en', 'apropos', 'AT'),
(247, '<br>Maia Alexandre\r\n			<br>Translator', 'en', 'apropos', 'DP'),
(248, 'https://www.linkedin.com/in/alexandre-maia-7b00b9175/', 'en', 'apropos', 'AH'),
(249, '<img class=\"profil\" src=\"../Images/alexandre.jpg\" alt=\"Maia Alexandre\">', 'en', 'apropos', 'AT'),
(250, '<br>Courtois Fabien\r\n			<br>Writing', 'en', 'apropos', 'DP'),
(251, 'https://www.linkedin.com/in/fabien-courtois-71797b174/', 'en', 'apropos', 'AH'),
(252, '<img class=\"profil\" src=\"../Images/fabien.jpg\" alt=\"Courtois Fabien\">', 'en', 'apropos', 'AT'),
(253, '<br>Fernandes Nicolas\r\n			<br>Writing', 'en', 'apropos', 'DP'),
(254, 'https://www.linkedin.com/in/nicolas-fernandes-052980174/', 'en', 'apropos', 'AH'),
(255, '<img class=\"profil\" src=\"../Images/nicolas.jpg\" alt=\"Fernandes Nicolas\">', 'en', 'apropos', 'AT'),
(256, '<br>Fournier Loïc\r\n			<br>Ergonomist', 'en', 'apropos', 'DP'),
(257, 'https://www.linkedin.com/in/lo%C3%AFc-fournier/', 'en', 'apropos', 'AH'),
(258, '<img class=\"profil\" src=\"../Images/loic.jpg\" alt=\"Pont Fournier Loïc\">', 'en', 'apropos', 'AT'),
(259, '<h1>The Project</h1><hr>', 'en', 'apropos', 'T3'),
(260, 'Currently studying Computer Science at Paris-Est Marne-la-Vallée University, we developed this project on Avignon\'s cultural heritage in partnership with UNESCO. <br>\r\nOur goal is to showcase different points in the city with a direct link with the city\'s heritage.', 'en', 'apropos', 'TB'),
(261, '<h1 >Partnerships</h1><hr>', 'en', 'apropos', 'T3'),
(262, 'http://www.u-pem.fr/\" class=\"beauty-link', 'en', 'apropos', 'AH'),
(263, '<img class=\"partenaire\" style=\"margin-bottom: 2%;\" src=\"../Images/upem.png\" alt=\'Université de Paris-Est Marne-la-Valée\'>', 'en', 'apropos', 'AT'),
(264, 'https://en.unesco.org\" class=\"beauty-link', 'en', 'apropos', 'AH'),
(265, '<img class=\"partenaire\" src=\"../Images/unesco.png\" alt=\'UNESCO\'>', 'en', 'apropos', 'AT'),
(266, 'http://idea.univ-paris-est.fr/fr/projets-lances/document-2783.html\" class=\"beauty-link', 'en', 'apropos', 'AH'),
(267, '<img class=\"partenaire\" src=\"../Images/forum.png\" alt=\'Forum\'>', 'en', 'apropos', 'AT'),
(268, 'http://idea.univ-paris-est.fr/fr\" class=\"beauty-link', 'en', 'apropos', 'AH'),
(269, '<img class=\"partenaire\" style=\"margin-bottom: 2%;\" src=\"../Images/IDEA.png\" alt=\'IDEA\'>', 'en', 'apropos', 'AT'),
(270, 'http://www.agence-nationale-recherche.fr/\" class=\"beauty-link', 'en', 'apropos', 'AH'),
(271, '<img class=\"partenaire\" src=\"../Images/ANR.png\" alt=\'ANR\'>', 'en', 'apropos', 'AT'),
(272, 'http://www.enseignementsup-recherche.gouv.fr/pid24578/investissements-d-avenir.html\" class=\"beauty-link', 'en', 'apropos', 'AH'),
(273, '<img class=\"partenaire\" src=\"../Images/avenir.png\"  alt=\"Investissements de l\\\'avenir\" >', 'en', 'apropos', 'AT'),
(274, '<h1>Credits</h1><hr>\r\n			<h2>Teaching Team</h2>', 'en', 'apropos', 'T3'),
(275, '', 'en', 'apropos', 'PA'),
(276, 'https://www.linkedin.com/in/tewfikettayeb/?originalSubdomain=fr\" class=\"beauty-link', 'en', 'apropos', 'AH'),
(277, 'ETTAYEB Tewfik<br>', 'en', 'apropos', 'AT'),
(278, 'https://www.linkedin.com/in/david-cessy-b8042239/\" class=\"beauty-link', 'en', 'apropos', 'AH'),
(279, 'CESSY David<br>', 'en', 'apropos', 'AT'),
(280, 'https://www.linkedin.com/in/yann-reby/\" class=\"beauty-link', 'en', 'apropos', 'AH'),
(281, 'REBY Yann<br>', 'en', 'apropos', 'AT'),
(284, '<br><h2>Iconographic sources</h2>', 'en', 'apropos', 'PA'),
(285, 'http://emeline-cardinet.com/\" class=\"beauty-link', 'en', 'apropos', 'AH'),
(286, 'Logos :  CARDINET Emeline<br>', 'en', 'apropos', 'AT'),
(287, 'https://www.icomos.org/fr/chartes-et-normes/index.php?option=com_contact&view=contact&catid=174:staff-icomos&id=9-lucile-smirnov\" class=\"beauty-link', 'en', 'apropos', 'AH'),
(288, 'Icomos : SMIRNOV Lucile<br>', 'en', 'apropos', 'AT'),
(290, '<span style=\'font-size:20px;\'>Chinese translation : Xunyue Hu</span><br>', 'en', 'apropos', 'PA'),
(291, '<br><h2>Documentary sources</h2>', 'en', 'apropos', 'PA'),
(292, 'https://www.icomos.org/fr/\" class=\"beauty-link', 'en', 'apropos', 'AH'),
(293, '<img class=\"footer-img\" src=\"../Images/Icomos.png\" alt=\"Logo Icomos\"><br><br>', 'en', 'apropos', 'AT'),
(294, 'http://www.palais-des-papes.com/fr\" class=\"beauty-link', 'en', 'apropos', 'AH'),
(295, 'Official website Papal Palace<br>', 'en', 'apropos', 'AT'),
(296, 'http://www.avignon-et-provence.com/monuments/pont-davignon\" class=\"beauty-link', 'en', 'apropos', 'AH'),
(297, 'Website \"Avignon et provence\"', 'en', 'apropos', 'AT'),
(298, 'class=\"home_picture\" src=\"../Images/Palais.jpg\" alt=\"Palais des Papes\"', 'fr', 'pdp', 'IM'),
(299, 'PALAIS DES PAPES', 'fr', 'pdp', 'TP'),
(300, '', 'fr', 'pdp', 'TM'),
(301, '#pdp1>Un monument historique', 'fr', 'pdp', 'MP'),
(302, '#pdp2>Une architecture remarquable', 'fr', 'pdp', 'MP'),
(303, '', 'fr', 'pdp', 'TB'),
(304, 'id=\"pdp1\"', 'fr', 'pdp', 'BR'),
(305, 'En passant par Lawrence DURELL dans son œuvre « L’esprit des lieux »(1976), Charles DE BROSSES dans « Lettres d’Italie »(1986)\n        ou encore Victor HUGO dans sa « Lettre du 25 septembre 1839 », le Palais des Papes est un monument culturel incontournable de la ville d’Avignon,\n        qui a été le sujet de diverses œuvres, notamment celles citées au-dessus. A la fois forteresse et résidence princière,\n        il se compose de deux édifices dont le Palais-Vieux au nord, et le Palais-Neuf au sud.', 'fr', 'pdp', 'TB'),
(306, '<br>Un monument historique', 'fr', 'pdp', 'T1'),
(307, 'Construction', 'fr', 'pdp', 'T2'),
(308, 'Le Palais des Papes s’est construit en à peine 20 années, de 1335 à 1352, à la demande de Clément V.\n        Surplombant le Rhône, il a été construit sur le rocher des Doms et est l’œuvre de deux principaux Papes bâtisseurs : Benoît XII et Clément VI.\n        <br>\n        <br>\n        Jean XXII, premier Pape bâtisseur, a fini de construire le Petit Palais\n        et a transformé l’ancien palais épiscopale en résidence pontificale, qui laissera place au palais par la suite.\n        <br>\n        <br>\n        Clément VI, lui, confia la réalisation du Palais Neuf à Jean de Louvres de 1342 à 1352.\n        Ainsi, ce-dernier procède aux diverses extensions, comme l’édification de la Grande Audience par exemple. A la mort de Clément VI, les principaux bâtiments sont achevés.', 'fr', 'pdp', 'TB'),
(309, '<br>Palais et Papes', 'fr', 'pdp', 'T2'),
(310, 'Clément V, premier Pape Avignonnais, est arrivée dans la ville d’Avignon en mars 1309 pour des raisons politiques et géographiques (tensions à Rome).\n        La ville d’Avignon va alors connaître, pendant pratiquement un siècle,\n        la succession de sept pontifes français. C\'est Grégoire XI qui décida de retourner à Rome en 1377.\n        La rivalité entre deux Papes, Urbain VI en Italie, et Clément VII (1379) à Avignon, créa polémique. Le successeur de ce-dernier, Benoît XIII, décida de s’échapper du Palais en 1403. C’est en réalité Martin V, élu en 1417,\n        qui rétablira le siège de la papauté à Rome.', 'fr', 'pdp', 'TB'),
(311, '<br>Fonctions du Palais', 'fr', 'pdp', 'T2'),
(312, 'Le Palais des Papes a eu plusieurs fonctions. Tout d\'abord, véritable protection pour les Papes, il a permis de garantir leur sécurité, leur liberté et leur indépendance dont ils n’avaient plus à Rome.\n        <br>\n        <br>\n        Une fois le siège de la papauté rétabli à Rome, le Palais deviendra la résidence de légats, puis de vice-légats jusqu’à la révolution.\n        Il sera ensuite transformé en caserne jusqu’à son ouverture au public au début du XXème siècle.\n        <br>\n        <br>\n        Actuellement, il a diverses fonctions : une fonction saisonnière (les festivals de théâtre, les expositions) et une fonction événementielle (concerts et réception). Le Palais a aussi\n        une fonction culturelle, notamment avec les musées, les archives et les recherches qu’il abrite.\n        <br>\n        <br id=\"pdp2\">', 'fr', 'pdp', 'TB'),
(313, 'Une architecture remarquable', 'fr', 'pdp', 'T1'),
(314, 'Structure du Palais', 'fr', 'pdp', 'T2'),
(316, 'src=\"../Images/Plan_PDP.jpg\" class=\"pdp_plan\" alt=\"Plan du Palais des Papes\" align=\"left\" hspace=\"4%\"', 'fr', 'pdp', 'IM'),
(317, 'Le Palais des Papes, dont la surface est de 15165m², est le rattachement du Palais-Vieux (au nord) de Benoît XII et du Palais-Neuf (au sud) de Clément VI, séparés par la grande cour. L\'entrée principale se situe au centre de la façade de Clément VI.\n            <br>\n            <br>\n            Le Palais-Vieux est constitué de la salle du consistoire, de la chapelle Saint-Jean, de la salle des Festins ainsi que de la salle de séjour et des appartements privés.\n            <br>\n            <br>\n            Le Palais-Neuf, lui, est constitué notamment de la Grande Chapelle dont la lourde voûte est soutenue par un arc-boutant, qui est située à côté de la chambre du Cerf.\n            <br>\n            <br>\n            Pour finir, la cathédrale Notre-Dame des Doms se situe au Nord du Palais des Papes et a remplacé les anciens bâtiments de l’archevêché.\n<br>\n<br>\n<br>', 'fr', 'pdp', 'TB'),
(318, 'Architectures artistiques', 'fr', 'pdp', 'T2'),
(319, 'src=\"../Images/Chapelle_Saint_Jean.jpg\" class=\"pdp_plan\" alt=\"Chapelle_Saint_Jean\" align=\"right\" hspace=\"4%\"', 'fr', 'pdp', 'IM'),
(320, 'Véritable palais-forteresse du XIVème siècle, le style gothique du Palais des Papes a été réalisé par Jean-de-Louvres. Son décor a été confié au célèbre peintre italien Matteo Giovannetti Ce-dernier s’est notamment occupé de peindre plusieurs chapelles et a réalisé l\'ornementation du Palais-Neuf.\n        <br>\n        <br>\n        L’ensemble des décors du Palais sera par la suite complété par des\n        ateliers franco-italiens avec d’importantes fresques représentant des scènes rustiques.\n        <br>\n        <br>\n        <br>\n        Pour conclure, le Palais des Papes fait partie des monuments incontournables de l’histoire. Il compte ainsi parmi les grands monuments de notre patrimoine mondial, notamment avec sa date d’inscription à l’Unesco en 1995.', 'fr', 'pdp', 'TB'),
(322, 'class=\"img_pont\" src=\"../Images/accueil_pont.jpg\" alt=\"Pont Saint-Bénézet\"', 'fr', 'pont', 'IM'),
(323, 'Pont Saint-Bénézet', 'fr', 'pont', 'TP'),
(324, '', 'fr', 'pont', 'TM'),
(325, '#pont_p1 id=\"pont_p1\">Construction et architecture', 'fr', 'pont', 'MP'),
(326, '#pont_p2>Édifice religieux', 'fr', 'pont', 'MP'),
(327, '#pont_p3>Situation géographique', 'fr', 'pont', 'MP'),
(328, '#pont_p4>Icône moderne de la ville d’Avignon', 'fr', 'pont', 'MP'),
(329, '', 'fr', 'pont', 'TB'),
(330, 'Construction et architecture', 'fr', 'pont', 'T1'),
(331, 'src=\"../Images/pont_18e.jpg\" alt=\"Gravure du pont au 18ème siècle\" align=\"left\" style=\"width:30%; padding-right: 8%; margin-left: 10%;\"', 'fr', 'pont', 'IM'),
(332, 'Une construction mise à l’épreuve', 'fr', 'pont', 'T2'),
(333, 'La construction du Pont Saint-Bénézet, plus connu sous le nom de Pont d’Avignon, débuta en 1177 et se termina en 1185. Initialement, le Pont Saint-Bénézet était un pont permettant de traversant le Rhône, mais il est aujourd’hui\n                impossible d’effectuer cette traversée par celui-ci. En effet, le pont fut détruit de plus de la moitié de sa longueur après 1633 et n’a jamais été reconstruit depuis cette date.', 'fr', 'pont', 'TB'),
(334, '<br>Une oeuvre monumentale', 'fr', 'pont', 'T2'),
(335, '<div id=\"pont_p2\"></div>\n                    Il reste néanmoins classé parmis l’un des principaux monuments de la ville d’Avignon car il représentait une oeuvre colossale pour l’époque.\n                    En effet, le pont était au Moyen-Age le monument le plus célèbre de la Provence-médiévale, de par son architecture mais aussi de par sa grandeur puisqu’il comportait 22 arches et mesurait plus de 900 mètres.\n                    De plus, sa construction dura plus de 7 ans ce qui lui conférait une certaine renommée dans l’architecture fluviale.\n<br><br><br><br><br><br>', 'fr', 'pont', 'TB'),
(336, 'Édifice religieux', 'fr', 'pont', 'T1'),
(337, 'Construction à l’initiative divine', 'fr', 'pont', 'T2'),
(338, 'D’après de nombreuses sources, le pont aurait été construit à l’initiative d’un berger, du nom de Benezet, après avoir écouté la parole du Christ. Celui-ci réussit alors à récolter les fonds nécessaires à la construction auprès\n                    des habitants et des hauts placés de la ville, après les avoir convaincu de croire en sa personne. Il donna ainsi son nom au pont, le Pont Saint-Bénézet.', 'fr', 'pont', 'TB'),
(339, '<br>Fonction religieuse', 'fr', 'pont', 'T2'),
(340, '<div id=\"pont_p3\"></div>\n                    L’édifice servait initialement à offrir un moyen de traverser le Rhône, mais avait aussi pour fonction secondaire de servir au christianisme. En effet, la Chapelle Saint-Nicolas, ou encore Chapelle Saint-Bénézet, fut édifiée sur\n                    le troisième pilier du pont, en même temps que sa construction. Les membres de l’ordre religieux d’Avignon purent alors y habiter.Néanmoins, à partir de 1674, le pont arrêta de remplir cette fonction car les crues devenaient trop\n                    importantes et mettaient en danger les reliques qu’abritait la chapelle.Elles furent ainsi déplacées vers l’église des Célestins.', 'fr', 'pont', 'TB'),
(341, '<br>Situation géographique', 'fr', 'pont', 'T1'),
(342, 'src=\"../Images/pont_19e.jpg\" alt=\"Tableau du pont au 19ème siècle\" align=\"right\" style=\"width:30%; margin-right: 10%; margin-left:2%;\"', 'fr', 'pont', 'IM'),
(343, 'Un site incontournable...', 'fr', 'pont', 'T2'),
(344, 'Le pont, quant-à son emplacement, conférait à l’époque un rayonnement européen à Avignon. En effet, la ville observe rapidement un afflux marchand important suite à la construction du pont dû à son unicité dans la région:\n                        c’est le seul pont entre Lyon et la Méditerranée qui permettait de franchir le Rhône, suite à la destruction du Pont antique d’Arles. Il apporte alors jusqu’au XIVème siècle une évolution croissante de la population d’Avignon\n                        et assure son bon développement.', 'fr', 'pont', 'TB'),
(345, '<br>...mais aussi à risque', 'fr', 'pont', 'T2'),
(346, '<div id=\"pont_p4\"></div>\n                        Le pont subit des destructions multiples à partir de 1226 lors du siège de Louis VIII. Il est reconstruit une première fois, tout en relevant le tablier, où l’on substitua le bois à la pierre pour mieux supporter la charge\n                        des flux marchands. Les destructions s’enchainèrent mais le pont fut tout le temps reconstruit jusqu’au 17ème siècle. Les crues devinrent soudain trop importantes et l’ordre religieux cessa alors de financer toute\n                        reconstruction. Le pont est alors abandonné et il ne reste aujourd’hui que 4 arches sur 22 initialement.', 'fr', 'pont', 'TB'),
(347, '<br>Icône moderne de la ville d’Avignon', 'fr', 'pont', 'T1'),
(348, 'Une chanson célèbre', 'fr', 'pont', 'T2'),
(349, 'Aujourd’hui, le pont d’Avignon est essentiellement connu grâce à la chanson pour enfants “Sur le pont d’Avignon”. Cette chanson est pourtant distincte de la réalité car il est difficilement possible de danser en rond sur\n                            le pont puisqu’il ne fait que 4 mètres de largeur. Néanmoins, on relate qu’il était quand même possible d\'y danser dans une auberge située en dessous du pont.', 'fr', 'pont', 'TB'),
(350, '<br>Tourisme et patrimoine', 'fr', 'pont', 'T2'),
(351, 'Les particularités historiques et architecturales du Pont Saint-Bénézet ainsi que la chanson lui étant dédiée confèrent à la ville une attractivité touristique contemporaine précieuse. Il reste donc depuis sa construction\n                            au XIIème siècle, un symbole révélateur et pertinent du site et du patrimoine historique de la ville d’Avignon.', 'fr', 'pont', 'TB'),
(352, 'class=\"img_pont\" src=\"../Images/accueil_pont.jpg\" alt=\"Avignon Bridge\"', 'en', 'pont', 'IM'),
(353, 'Avignon bridge', 'en', 'pont', 'TP'),
(354, '', 'en', 'pont', 'TM'),
(355, '#pont_p1 id=\"pont_p1\">Architecture and Construction', 'en', 'pont', 'MP'),
(356, '#pont_p2>A religious edifice', 'en', 'pont', 'MP'),
(357, '#pont_p3>Geographical position', 'en', 'pont', 'MP'),
(358, '#pont_p4>A modern icon', 'en', 'pont', 'MP'),
(359, '', 'en', 'pont', 'TB'),
(360, 'Architecture and Construction', 'en', 'pont', 'T1'),
(361, 'src=\"../Images/pont_18e.jpg\" alt=\"Engraving of the 18th century\" hspace=\"4%\" align=\"left\" style=\"width:30%;  padding-right: 8%; margin-left: 10%;\"', 'en', 'pont', 'IM'),
(362, 'A construction put to the test', 'en', 'pont', 'T2'),
(363, ' The construction of Avignon Bridge or “Pont Saint-Benezet” started in 1177 and ended in 1185. In the beginning, the bridge allowed people to cross the Rhone river but  the crossing has become impossible after its partial destruction in 1633. Nowadays only half the bridge remains, never rebuilt after the 17th century it has become throughout time a renowned iconic local landmark.', 'en', 'pont', 'TB'),
(365, '<br>An imposing architecture', 'en', 'pont', 'T2'),
(366, ' Though reduced by half a length, Avignon’s Bridge is classified as one of the most important of the city’s monuments for the reason that it was a stupendous structure for it’s time.\n                    During the middle ages  the bridge was the best well known monument in “Provence”, not only because of its architecture but also because of its scale,  as it was composed of 22 arches and measured 900 meters long.\n                    The 7 years it took to complete its construction also added to its reputation.\n<br id=pont_p2>\n<br><br><br><br><br><br><br><br>', 'en', 'pont', 'TB'),
(367, 'A religious edifice', 'en', 'pont', 'T1'),
(368, 'A divine calling', 'en', 'pont', 'T2'),
(369, 'According to multiple sources, the construction of Avignon Bridge was built thanks to a shepherd’s initiative, called “Bénezet”, after being “appointed by God”. This shepherd managed to collect funds from the city’s residents by convincing them of the true nature of his divine call.', 'en', 'pont', 'TB'),
(370, 'A religious fonction', 'en', 'pont', 'T2'),
(371, '<div id=\"pont_p3\"></div>\nThe structure offered a mean to cross the Rhône river, however it also had a secondary fonction, serving the Christianity. In fact a chapel named “Saint-Nicolas” was erect on top of the bridge. However, after 1674, the chapel was in peril because floods became increasingly threatening. Therefore, decision was taken to move all relics from the chapel to another church within the city and the chapel was abandoned later on.', 'en', 'pont', 'TB'),
(372, 'Geographical position', 'en', 'pont', 'T1'),
(373, 'src=\"../Images/pont_19e.jpg\" alt=\"Painting of the 19th century\" align=\"right\" style=\"width:30%; margin-right: 10%; margin-left:2%;\"', 'en', 'pont', 'IM'),
(374, 'A key monument...', 'en', 'pont', 'T2'),
(375, ' Thanks to its location, this monument granted a certain influence to Avignon at a european level. Indeed, Avignon was a strategic point since its bridge was the only one that allowed to cross the Rhône river between Lyon and the Mediterranean sea. For that reason, Avignon experienced a commercial boom as the number of merchants and residents  dramatically increased in the city. The Avignon Bridge thus granted an exceptional development to Avignon until the 14th century.', 'en', 'pont', 'TB'),
(376, '<br>...in jeopardy', 'en', 'pont', 'T2'),
(377, '<div id=\"pont_p4\"></div>\nYet, during a siege in 1226, the bridge withstanded consequential damage that compromised its function.  Decision was taken to rebuild it but this time, the wooden deck was replaced by stone in order to better sustain the weight of the flow of merchants.\n                        Throughout the year damages to the monument occured one after the other but the bridge was repaired nevertheless every time until the 17th century.', 'en', 'pont', 'TB'),
(378, '<br>A modern icon', 'en', 'pont', 'T1'),
(379, 'An illustrious song', 'en', 'pont', 'T2'),
(380, 'Nowadays, the Avignon Bridge is greatly known thanks to a child’s song entitled “Sur le pont d’Avignon”. Surprisingly enough the legend described in the song may not be far from the truth since it could trace back to the story of a tavern on Avignon Bridge where people would gather and have fun while dancing.  One can only wonder though as the bridge is only 4 meters wide...', 'en', 'pont', 'TB'),
(381, 'Tourism and Heritage', 'en', 'pont', 'T2'),
(382, 'All of these distinctive features about this monument add to Avignon´s indisputable charm today and even if half of this astonishing construction is destroyed, this bridge remains a key symbol of Avignon’s Historical and Cultural Heritage.', 'en', 'pont', 'TB'),
(383, 'Pages/histoire.php', 'fr', 'navBar', 'AH'),
(384, 'Histoire de la Ville', 'fr', 'navBar', 'AT'),
(385, 'Pages/PalaisdesPapes.php', 'fr', 'navBar', 'AH'),
(386, 'Palais des Papes\r\n', 'fr', 'navBar', 'AT'),
(387, 'Pages/pont.php', 'fr', 'navBar', 'AH'),
(388, 'Pont d\'Avignon', 'fr', 'navBar', 'AT'),
(389, 'Pages/artisanat.php', 'fr', 'navBar', 'AH'),
(390, 'Artisanat', 'fr', 'navBar', 'AT'),
(391, 'Pages/gastronomie.php', 'fr', 'navBar', 'AH'),
(392, 'Gastronomie', 'fr', 'navBar', 'AT'),
(393, 'Pages/evenement.php', 'fr', 'navBar', 'AH'),
(394, 'Événements', 'fr', 'navBar', 'AT'),
(395, 'Pages/sejour.php', 'fr', 'navBar', 'AH'),
(396, 'Mon Séjour', 'fr', 'navBar', 'AT'),
(397, 'Pages/histoire.php', 'en', 'navBar', 'AH'),
(410, 'Avignon\'s history\r\n', 'en', 'navBar', 'AT'),
(411, 'Pages/PalaisdesPapes.php', 'en', 'navBar', 'AH'),
(412, 'Papal Palace', 'en', 'navBar', 'AT'),
(413, 'Pages/pont.php', 'en', 'navBar', 'AH'),
(414, 'Avignon\'s bridge\r\n', 'en', 'navBar', 'AT'),
(415, 'Pages/artisanat.php', 'en', 'navBar', 'AH'),
(416, 'Arts and crafts', 'en', 'navBar', 'AT'),
(417, 'Pages/gastronomie.php', 'en', 'navBar', 'AH'),
(418, 'Gastronomy', 'en', 'navBar', 'AT'),
(419, 'Pages/evenement.php', 'en', 'navBar', 'AH'),
(420, 'Events', 'en', 'navBar', 'AT'),
(421, 'Pages/sejour.php', 'en', 'navBar', 'AH'),
(422, 'My visit', 'en', 'navBar', 'AT'),
(423, 'class=\"img_hotelDeVille\" src=\"../Images/hotelDeVille.jpg\" alt=\"Town hall\"', 'en', 'artisanat', 'IM'),
(424, 'Arts and crafts', 'en', 'artisanat', 'TP'),
(425, '<br>Lute Making', 'en', 'artisanat', 'T1'),
(426, 'src=\"../Images/lutherie.jpeg\" class=\"pdp_plan\" alt=\"Lute Making\" align=\"left\" hspace=\"4%\"', 'en', 'artisanat', 'IM'),
(427, '<br>The fine art of lute making is greatly present in Avignon. One of the most famous is “Lutherie d’Avignon”, that gained reputation under the reins of famous greek lute maker, Katerina Fronista, and which grants Avignon an esteemed position in this domain.\r\n\r\n                    This lute workshop is located in Avignon’s historical center and its specialized in building and repairing stringed instruments.\r\n<br>', 'en', 'artisanat', 'TB'),
(428, 'DM LUTHERIE\r\n<br><br>', 'en', 'artisanat', 'T3');
INSERT INTO `Paragraphes` (`id`, `Text`, `code`, `nomPage`, `format`) VALUES
(429, 'http://www.fronistalutherie.com\" class=\"beauty-link', 'en', 'artisanat', 'AH'),
(430, '17 Saint-Etienne rue\r\n				84000 Avignon<br>\r\n				04 90 85 65 88\r\n				kvfro@wanadoo.fr\r\n', 'en', 'artisanat', 'AT'),
(431, '<br><br>Restoration of works of art', 'en', 'artisanat', 'T1'),
(432, 'src=\"../Images/chasseEtPeche.jpg\" id=img_chasseEtPeche alt=\"Fishing and hunting painting\" align=\"right\" hspace=\"4%\" class=\"pdp_plan\"', 'en', 'artisanat', 'IM'),
(433, '<br><br>Due to Avignon’s great cultural and artistic heritage, many restorers made Avignon their home especially to help renew and restore the relics belonging to this heritage.\r\n\r\n                    The most popular in Avignon is the gilding restoration. The work of this craftsman is to apply a golden layer on a specific material.', 'en', 'artisanat', 'TB'),
(434, 'Local gilding restorator<br><br>', 'en', 'artisanat', 'T3'),
(435, 'http://www.atelieryvan.fr\" class=\"beauty-link', 'en', 'artisanat', 'AH'),
(436, 'Atelier Yvan - SARL Saint-Antonin\r\n                    <br>\r\n                    97 Carreterie rue\r\n                    84000 Avignon\r\n                    04 90 82 64 84', 'en', 'artisanat', 'AT'),
(437, '<br><br><br><br>Porcelain and ceramics', 'en', 'artisanat', 'T1'),
(438, 'src=\"../Images/porcelaine.jpg\" class=\"pdp_plan\" alt=\"Porcelain picture\" align=\"left\" hspace=\"4%\"', 'en', 'artisanat', 'IM'),
(439, 'Since 1870, a well known company within the porcelain and ceramics industry was created: “Avignon Ceramic”\r\n\r\n                        This firm has an authentic history in this industry, it has been listed \"Pôle d\'Excellence Rurale\" and was visited as such by French President, Nicolas Sarkozy, in 2011 of “Pôle d’Excellence Rurale”.', 'en', 'artisanat', 'TB'),
(440, 'La Porcelaine Blanche<br><br>', 'en', 'artisanat', 'T3'),
(441, 'https://www.pagesjaunes.fr/pros/04755317\" class=\"beauty-link', 'en', 'artisanat', 'AH'),
(442, '12 Trois Faucons rue, 84000 Avignon', 'en', 'artisanat', 'AT'),
(443, 'class=\"home_picture\" src=\"Images/photo_accueil.jpg\" alt=\"Palais des Papes\"', 'fr', 'index', 'IM'),
(444, '', 'fr', 'index', 'IL'),
(445, '\"Pages/pont.php?lang=fr\"><img class=\"index_image\" src=\"Images/img1.jpg\" alt=\"Pont d\\\'Avignon\">\r\n        <h3> Pont Saint Bénézet', 'fr', 'index', 'II'),
(446, '\"Pages/PalaisdesPapes.php?lang=fr\"><img class=\"index_image\" src=\"Images/img2.jpg\" alt=\"Palais des Papes\">\r\n        <h3>Palais des Papes', 'fr', 'index', 'II'),
(447, '\"Pages/sejour.php?lang=fr\"><img class=\"index_image\" src=\"Images/img3.jpg\" alt=\"Séjour\">\r\n        <h3>Mon Séjour', 'fr', 'index', 'II'),
(448, 'Frise chronologique', 'fr', 'index', 'TP'),
(449, '', 'fr', 'index', 'FC'),
(450, '1177</div>\n       <div class=\"frise\"></div>\n       <div class=\"cercle\"></div>\n            <div class=\"text\">\n            Construction <br> du Pont<br>Saint Bénézet', 'fr', 'index', 'FI'),
(451, '1309</div>\n       <div class=\"frise\"></div>\n       <div class=\"cercle\"></div>\n            <div class=\"text\">\n            Premier <br> Pape à<br>Avignon', 'fr', 'index', 'FI'),
(452, '1335</div>\n        <div class=\"frise\"></div>\n        <div class=\"cercle\"></div>\n            <div class=\"text\">\n            Construction du<br> Palais des papes', 'fr', 'index', 'FI'),
(453, '1342</div>\n        <div class=\"frise\"></div>\n        <div class=\"cercle\"></div>\n        <div class=\"text\">\n        Construction<br> du Palais-Neuf', 'fr', 'index', 'FI'),
(454, '1995</div>\n        <div class=\"frise\"></div>\n        <div class=\"cercle\"></div>\n        <div class=\"text\">\n            Inscription<br> d\'Avignon <br>à l\'Unesco', 'fr', 'index', 'FI'),
(455, 'class=\"home_picture\" src=\"Images/photo_accueil.jpg\" alt=\"Avignon Bridge\"', 'en', 'index', 'IM'),
(456, '', 'en', 'index', 'IL'),
(457, '\"Pages/pont.php?lang=en\"><img class=\"index_image\" src=\"Images/img1.jpg\" alt=\"Avignon Bridge\">\r\n        <h3> Avignon Bridge', 'en', 'index', 'II'),
(459, '\"Pages/PalaisdesPapes.php?lang=en\"><img class=\"index_image\" src=\"Images/img2.jpg\" alt=\"Papal Palace\">\r\n        <h3>Papal Palace', 'en', 'index', 'II'),
(460, '\"Pages/sejour.php?lang=en\"><img class=\"index_image\" src=\"Images/img3.jpg\" alt=\"My visit\">\r\n        <h3>My visit', 'en', 'index', 'II'),
(461, 'Timeline', 'en', 'index', 'TP'),
(462, '', 'en', 'index', 'FC'),
(463, '1177</div>\r\n               <div class=\"frise\"></div>\r\n               <div class=\"cercle\"></div>\r\n                    <div class=\"text\">\r\n                    Avignon Bridge <br> Construction', 'en', 'index', 'FI'),
(464, '1309</div>\r\n               <div class=\"frise\"></div>\r\n               <div class=\"cercle\"></div>\r\n                    <div class=\"text\">\r\n                    First Pope <br> in Avignon', 'en', 'index', 'FI'),
(465, '1335</div>\r\n                <div class=\"frise\"></div>\r\n                <div class=\"cercle\"></div>\r\n                    <div class=\"text\">\r\n                    Papal Palace <br> is erected', 'en', 'index', 'FI'),
(466, '1342</div>\r\n                <div class=\"frise\"></div>\r\n                <div class=\"cercle\"></div>\r\n                <div class=\"text\">\r\n                Papal Palace is extended. <br> New-Palace is erected.', 'en', 'index', 'FI'),
(467, '1995</div>\r\n                <div class=\"frise\"></div>\r\n                <div class=\"cercle\"></div>\r\n                <div class=\"text\">\r\n                    Avignon is inscripted in <br> UNESCO\'s <br> World Heritage list.', 'en', 'index', 'FI'),
(468, 'class=\"home_picture\" src=\"../Images/Palais.jpg\" alt=\"Papal Palace\"', 'en', 'pdp', 'IM'),
(469, 'PAPAL PALACE', 'en', 'pdp', 'TP'),
(470, '', 'en', 'pdp', 'TM'),
(471, '#pdp1>An historical site', 'en', 'pdp', 'MP'),
(490, 'Pages/quizz.php', 'fr', 'navBar', 'AH'),
(491, 'Quiz', 'fr', 'navBar', 'AT'),
(492, 'Pages/quizz.php', 'en', 'navBar', 'AH'),
(493, 'Quiz', 'en', 'navBar', 'AT'),
(494, 'De quelle époque remontent les origines d’Avignon?', 'fr', 'quizz', NULL),
(495, 'A quel siècle s’installe le premier pape à Avignon?', 'fr', 'quizz', NULL),
(496, 'Que sont devenues certaines livrées après le départ des papes?', 'fr', 'quizz', NULL),
(497, 'A quel siècle la reconstruction du pont est abandonnée?', 'fr', 'quizz', NULL),
(498, 'Le Pont d’Avignon fut construit à l’initiative', 'fr', 'quizz', NULL),
(499, 'Quelle était la seconde fonction du Pont d’Avignon?', 'fr', 'quizz', NULL),
(500, 'Comment danse-t-on sur le Pont d’Avignon?', 'fr', 'quizz', NULL),
(501, 'Que signifiait alors le nom de la ville? ', 'fr', 'quizz', NULL),
(502, 'En combien de temps le Palais des Papes s\'est-il construit ?', 'fr', 'quizz', NULL),
(503, 'Quels sont les principaux Papes bâtisseurs du Palais ?', 'fr', 'quizz', NULL),
(504, 'Qui fut le premier Pape Avignonnais ?', 'fr', 'quizz', NULL),
(505, 'Quel Pape décida de s\'échapper du Palais ?', 'fr', 'quizz', NULL),
(506, 'Aujourd\'hui, que peut-on faire dans le Palais des Papes ?', 'fr', 'quizz', NULL),
(507, 'Selon vous, où se situe la salle de séjour du Palais ?', 'fr', 'quizz', NULL),
(508, 'Quel peintre Italien s\'est chargé du décor du Palais des Papes ?', 'fr', 'quizz', NULL),
(509, 'Depuis quand le monument a t\'il été classé au patrimoine mondial de l\'Unesco ?', 'fr', 'quizz', NULL),
(516, 'Préhistoire', 'fr', 'quizz', NULL),
(517, 'Antiquité', 'fr', 'quizz', NULL),
(518, 'Moyen-Age', 'fr', 'quizz', NULL),
(519, 'XIIème', 'fr', 'quizz', NULL),
(520, 'XIIIème', 'fr', 'quizz', NULL),
(521, 'XIVème', 'fr', 'quizz', NULL),
(522, 'Des salles de spectacles', 'fr', 'quizz', NULL),
(523, 'Des hôtels particuliers', 'fr', 'quizz', NULL),
(524, 'Des villas de luxe', 'fr', 'quizz', NULL),
(525, 'XVIème', 'fr', 'quizz', NULL),
(526, 'XVIIème', 'fr', 'quizz', NULL),
(527, 'XVIIIème', 'fr', 'quizz', NULL),
(528, 'd\'un berger.', 'fr', 'quizz', NULL),
(529, 'd’un roi.', 'fr', 'quizz', NULL),
(530, 'd’un pape.', 'fr', 'quizz', NULL),
(531, 'Traverser le Rhône', 'fr', 'quizz', NULL),
(532, 'Abriter l’ordre religieux', 'fr', 'quizz', NULL),
(533, 'Abriter une auberge', 'fr', 'quizz', NULL),
(534, 'En rond', 'fr', 'quizz', NULL),
(535, 'En octogone', 'fr', 'quizz', NULL),
(536, 'On y danse pas', 'fr', 'quizz', NULL),
(537, '\"La ville du grand vent\"', 'fr', 'quizz', NULL),
(538, '\"La ville du grand fleuve\"', 'fr', 'quizz', NULL),
(539, '\"La ville du fleuve\"', 'fr', 'quizz', NULL),
(540, 'Environ 10 ans', 'fr', 'quizz', NULL),
(541, 'Environ 20 ans', 'fr', 'quizz', NULL),
(542, 'Environ 30 ans', 'fr', 'quizz', NULL),
(543, 'Benoît XII', 'fr', 'quizz', NULL),
(544, 'Jean XXII', 'fr', 'quizz', NULL),
(545, 'Clément V', 'fr', 'quizz', NULL),
(546, 'Clément VI', 'fr', 'quizz', NULL),
(547, 'Clément V', 'fr', 'quizz', NULL),
(548, 'Benoît XII', 'fr', 'quizz', NULL),
(549, 'Clément VI', 'fr', 'quizz', NULL),
(550, 'Grégoire XI', 'fr', 'quizz', NULL),
(551, 'Matteo Giovannetti', 'fr', 'quizz', NULL),
(552, 'Benoît XII', 'fr', 'quizz', NULL),
(553, 'Benoît XIII', 'fr', 'quizz', NULL),
(554, 'Urbain VI', 'fr', 'quizz', NULL),
(555, 'Voir des expositions', 'fr', 'quizz', NULL),
(556, 'Voir des concerts', 'fr', 'quizz', NULL),
(557, 'Voir des oeuvres artistiques', 'fr', 'quizz', NULL),
(558, 'Assister à un duel entre Booba et Kaaris', 'fr', 'quizz', NULL),
(559, 'Dans la cour', 'fr', 'quizz', NULL),
(560, 'Dans le Palais-Vieux', 'fr', 'quizz', NULL),
(561, 'Dans le Palais-Neuf', 'fr', 'quizz', NULL),
(562, 'Dans le Palais-Usagé', 'fr', 'quizz', NULL),
(563, 'Giovanni Masaccio', 'fr', 'quizz', NULL),
(564, 'Michel-Ange', 'fr', 'quizz', NULL),
(565, 'Léonard de Vinci', 'fr', 'quizz', NULL),
(566, 'Matteo Giovannetti', 'fr', 'quizz', NULL),
(567, '1970', 'fr', 'quizz', NULL),
(568, '1995', 'fr', 'quizz', NULL),
(569, '1998', 'fr', 'quizz', NULL),
(570, '2019', 'fr', 'quizz', NULL),
(571, 'When did Avignon\'s origins date back to?', 'en', 'quizz', NULL),
(572, 'In which century settled the first pope in Avignon?', 'en', 'quizz', NULL),
(573, 'What happened to some of the popes\'s houses after they left Avignon?', 'en', 'quizz', NULL),
(574, 'In which century was the reconstruction of Avignon\'s bridge abandoned?', 'en', 'quizz', NULL),
(575, 'The Avignon\'s bridge was built on the initiative of', 'en', 'quizz', NULL),
(576, 'What was the second function of the Avignon\'s bridge?', 'en', 'quizz', NULL),
(577, 'How do we dance on Avignon\'s bridge?', 'en', 'quizz', NULL),
(578, 'What did the name of the city mean?', 'en', 'quizz', NULL),
(579, 'How long did it take to build the Popes\' Palace?', 'en', 'quizz', NULL),
(580, 'Who are the main Popes who built the Palace?', 'en', 'quizz', NULL),
(581, 'Who is the first pope in Avignon?', 'en', 'quizz', NULL),
(582, 'Which Pope decided to flee from the Palace?', 'en', 'quizz', NULL),
(583, 'Today, what can we do in the Pope\'s palace?', 'en', 'quizz', NULL),
(584, 'Where do you think the living room of the Palace is located?', 'en', 'quizz', NULL),
(585, 'Which Italian painter was in charge of the decoration of the Popes\' Palace?', 'en', 'quizz', NULL),
(586, 'Since when was the Pope\'s palace classified as a UNESCO World Heritage Site?', 'en', 'quizz', NULL),
(587, 'Prehistory', 'en', 'quizz', NULL),
(588, 'Antiquity', 'en', 'quizz', NULL),
(589, 'Middle Ages', 'en', 'quizz', NULL),
(590, 'XIIth', 'en', 'quizz', NULL),
(591, 'XIIIth', 'en', 'quizz', NULL),
(592, 'XIVth', 'en', 'quizz', NULL),
(593, 'Theaters', 'en', 'quizz', NULL),
(594, 'Hotels', 'en', 'quizz', NULL),
(595, 'Villas', 'en', 'quizz', NULL),
(596, 'XVIth', 'en', 'quizz', NULL),
(597, 'XVIIth', 'en', 'quizz', NULL),
(598, 'XVIIIth', 'en', 'quizz', NULL),
(599, 'of a shepherd.', 'en', 'quizz', NULL),
(600, 'of a king.', 'en', 'quizz', NULL),
(601, 'of a pope.', 'en', 'quizz', NULL),
(602, 'Cross the Rhône', 'en', 'quizz', NULL),
(603, 'Sheltering the religious order', 'en', 'quizz', NULL),
(604, 'Hosting a hostel', 'en', 'quizz', NULL),
(605, 'In circles', 'en', 'quizz', NULL),
(606, 'In octagon', 'en', 'quizz', NULL),
(607, 'We do not dance.', 'en', 'quizz', NULL),
(608, '\"The city of the great wind\"', 'en', 'quizz', NULL),
(609, '\"The city of the great river\"', 'en', 'quizz', NULL),
(610, '\"The city of the river\"', 'en', 'quizz', NULL),
(611, 'About 10 years', 'en', 'quizz', NULL),
(612, 'About 20 years', 'en', 'quizz', NULL),
(613, 'About 30 years', 'en', 'quizz', NULL),
(614, 'Benoît the XIIth', 'en', 'quizz', NULL),
(615, 'Jean the XXIIth', 'en', 'quizz', NULL),
(616, 'Clément the Vth', 'en', 'quizz', NULL),
(617, 'Clément the VIth', 'en', 'quizz', NULL),
(618, 'Clément the Vth', 'en', 'quizz', NULL),
(619, 'Benoît the XIIth', 'en', 'quizz', NULL),
(620, 'Clément the VIth', 'en', 'quizz', NULL),
(621, 'Grégoire the XIth', 'en', 'quizz', NULL),
(622, 'Matteo Giovannetti', 'en', 'quizz', NULL),
(623, 'Benoît the XIIth', 'en', 'quizz', NULL),
(624, 'Benoît the XIIIth', 'en', 'quizz', NULL),
(625, 'Urbain the VIth', 'en', 'quizz', NULL),
(626, 'See exhibitions', 'en', 'quizz', NULL),
(627, 'See concerts', 'en', 'quizz', NULL),
(628, 'See artistic works', 'en', 'quizz', NULL),
(629, 'Attend a duel between Booba and Kaaris', 'en', 'quizz', NULL),
(630, 'In the courtyard', 'en', 'quizz', NULL),
(631, 'In the Old-Palace', 'en', 'quizz', NULL),
(632, 'Dans le New-Palace', 'en', 'quizz', NULL),
(633, 'In the Used-Palace', 'en', 'quizz', NULL),
(634, 'Giovanni Masaccio', 'en', 'quizz', NULL),
(635, 'Michelangelo', 'en', 'quizz', NULL),
(636, 'Leonardo da Vinci', 'en', 'quizz', NULL),
(637, 'Matteo Giovannetti', 'en', 'quizz', NULL),
(638, '1970', 'en', 'quizz', NULL),
(639, '1995', 'en', 'quizz', NULL),
(640, '1998', 'en', 'quizz', NULL),
(641, '2019', 'en', 'quizz', NULL),
(646, '<h1>Commentaires</h1><hr>', 'fr', 'apropos', 'T3'),
(647, '<h1>Comment</h1><hr>', 'en', 'apropos', 'T3'),
(648, 'admin.php?lang=fr\" class=\"beauty-link admin-link', 'fr', 'apropos', 'AH'),
(649, 'Administrer le site<br>', 'fr', 'apropos', 'AT'),
(650, 'admin.php?lang=en\" class=\"beauty-link admin-link', 'en', 'apropos', 'AH'),
(651, 'Administer the site<br>', 'en', 'apropos', 'AT'),
(653, '#pdp2>A remarkable architecture', 'en', 'pdp', 'MP'),
(654, '', 'en', 'pdp', 'TB'),
(655, 'id=\"pdp1\"', 'en', 'pdp', 'BR'),
(656, 'In his work \"L\'esprit des lieux\" (1976), Lawrence DURELL, Charles DE BROSSES in \"Lettres d\'Italie\" (1986) or Victor HUGO in his \"Letter of 25 September 1839\", the Pope\'s Palace is an essential cultural landmark in the city of Avignon which was the subject of various works, including those cited above. Both fortress and princely residence, it consists of two buildings, the \"Old Palace\" to the north and the \"New Palace\" to the south.', 'en', 'pdp', 'TB'),
(657, 'An historical monument', 'en', 'pdp', 'T1'),
(658, 'Construction', 'en', 'pdp', 'T2'),
(659, 'The Popes\' Palace was built in barely 20 years, from 1335 to 1352, at the request of Clement V.\r\n        Overlooking the Rhône, it was built on the \"rocher des Doms\" and was buildt under the orders of two main Popes: Benedict XII and Clement VI.\r\n        <br>\r\n        <br>\r\nJohn XXII, finished building the \"Petit Palais\" and transformed the former episcopal palace into a pontifical residence, which would later give way to the Palace.\r\n        <br>\r\n        <br>\r\n  Clement VI entrusted the construction of the New Palace to Jean de Louvres from 1342 to 1352.\r\nThus, the latter proceeds with the various extensions, such as the construction of the \"Grande Audience\" for example. At the death of Clement VI, the other main buildings were also finished.', 'en', 'pdp', 'TB'),
(660, 'The Palace and its Popes', 'en', 'pdp', 'T2'),
(661, 'Clement V, the first Pope of Avignon, arrived in the city in March 1309 for political and geographical reasons (tensions in Rome).\r\n        The city of Avignon will then know, for almost a century, the succession of seven French pontiffs. It was not until 1377 that Gregory XI decided to return to Rome.\r\nThe rivalry between two Popes, Urban VI in Italy, and Clement VII (1379) in Avignon, created controversy. The successor of Clement VII, Benedict XIII, decided to escape from the Palace in 1403. For that reason, it was in fact Martin V, elected in 1417, that restored the Papacy\'s headquarters in Rome.', 'en', 'pdp', 'TB'),
(662, '<br>Functions of the Palace', 'en', 'pdp', 'T2'),
(663, 'The Popes\' Palace has had several functions. First of all, as a protection for the Popes, as it made it possible to guarantee their security, freedom and independence, which they no longer had in Rome.\r\n  <br>\r\n   <br>\r\nOnce the papacy\'s siege was re-established in Rome, the Palace became the residence of legates, then vice-legates until the revolution. It was then converted into barracks until it was opened to the public at the beginning of the 20th century.\r\n     <br>\r\n     <br> \r\nCurrently, it has various functions: a seasonal function (theatre festivals, exhibitions) and an event function (concerts and receptions). The Palace also has a cultural function, in particular with the museums, archives and research it houses.\r\n        <br>\r\n        <br id=\"pdp2\">', 'en', 'pdp', 'TB'),
(664, 'A remarkable architecture', 'en', 'pdp', 'T1'),
(665, 'Structure of the Palace', 'en', 'pdp', 'T2'),
(666, 'src=\"../Images/Plan_PDP.jpg\" class=\"pdp_plan\" alt=\"Pope\'s Palace Plan\" align=\"left\" hspace=\"4%\"', 'en', 'pdp', 'IM'),
(667, 'The Popes\' Palace, whose surface area is 15165m², is the link between the Old Palace (to the north) of Benedict XII and the New Palace (to the south) of Clement VI, separated by the large courtyard. The main entrance is located in the center of the New Palace.\r\n        <br>\r\n        <br>\r\nThe Old Palace is composed of the consistory room, the Saint-Jean chapel, the feast room as well as the living room and private chambers.\r\n            <br>\r\n            <br>\r\nThe new Palace, on the other hand, is composed of the Great Chapel, whose heavy vault is supported by a buttress arch, which is located next to the \"Deer\'s room\" (Chambre du Cerf).\r\n            <br>\r\n            <br>\r\nFinally, the Cathedral of \"Notre-Dame des Doms\" is located north of the Palace and has replaced the former buildings of the archbishopric.\r\n<br>\r\n<br>\r\n<br>', 'en', 'pdp', 'TB'),
(668, 'Artistic architectures\r\n', 'en', 'pdp', 'T2'),
(669, 'src=\"../Images/Chapelle_Saint_Jean.jpg\" class=\"pdp_plan\" alt=\"Saint Jean Chapel\" align=\"right\" hspace=\"4%\"', 'en', 'pdp', 'IM'),
(670, '    A true fortress, the Gothic style of the Popes\' Palace was designed by Jean-de-Louvres. Its decoration was entrusted to the famous Italian painter Matteo Giovannetti. He painted several of the chapels and decorated the New Palace.\r\n        <br>\r\n        <br>\r\nAll the decorations of the Palace were completed by Franco-Italian workshops with important frescos representing rustic scenes.\r\n        <br>\r\n        <br>\r\n        <br>\r\n    To conclude, the Popes\' Palace is one of the most important monuments in Avignon\'s history. It is one of the great monuments of our world heritage, notably with its date of inscription in the  UNESCO\'s cultural heritage program in 1995.', 'en', 'pdp', 'TB'),
(673, '', 'fr', 'index', 'BR'),
(674, '', 'fr', 'index', 'BR'),
(675, 'Présentation du projet', 'fr', 'index', 'TP'),
(676, '', 'fr', 'index', 'BR'),
(677, 'https://www.youtube.com/embed/xXnLuIVHHVM\r\n', 'fr', 'index', 'VP'),
(678, 'Pages/histoire.php', 'ch', 'navBar', 'AH'),
(679, '城市历史', 'ch', 'navBar', 'AT'),
(680, 'Pages/PalaisdesPapes.php', 'ch', 'navBar', 'AH'),
(681, '教皇宫', 'ch', 'navBar', 'AT'),
(682, 'Pages/pont.php', 'ch', 'navBar', 'AH'),
(683, '阿维尼翁桥', 'ch', 'navBar', 'AT'),
(684, 'Pages/artisanat.php', 'ch', 'navBar', 'AH'),
(685, '手工', 'ch', 'navBar', 'AT'),
(686, 'Pages/gastronomie.php', 'ch', 'navBar', 'AH'),
(687, '美食', 'ch', 'navBar', 'AT'),
(688, 'Pages/evenement.php', 'ch', 'navBar', 'AH'),
(689, '事件', 'ch', 'navBar', 'AT'),
(690, 'Pages/sejour.php', 'ch', 'navBar', 'AH'),
(691, '我的行程', 'ch', 'navBar', 'AT'),
(692, 'Pages/quizz.php', 'ch', 'navBar', 'AH'),
(693, '\r\n測驗', 'ch', 'navBar', 'AT'),
(694, 'class=\"home_picture\" src=\"Images/photo_accueil.jpg\" alt=\"Palais des Papes\"', 'ch', 'index', 'IM'),
(695, '', 'ch', 'index', 'IL'),
(696, '\"Pages/pont.php?lang=ch\"><img class=\"index_image\" src=\"Images/img1.jpg\" alt=\"Pont d\'Avignon\">\r\n        <h3> 圣贝内泽桥', 'ch', 'index', 'II'),
(697, '\"Pages/PalaisdesPapes.php?lang=ch\"><img class=\"index_image\" src=\"Images/img2.jpg\" alt=\"Palais des Papes\">\r\n        <h3>教皇宫', 'ch', 'index', 'II'),
(698, '\"Pages/sejour.php?lang=ch\"><img class=\"index_image\" src=\"Images/img3.jpg\" alt=\"Séjour\">\r\n        <h3>我的行程', 'ch', 'index', 'II'),
(699, '时间轴', 'ch', 'index', 'TP'),
(700, '', 'ch', 'index', 'FC'),
(701, '1177</div>\r\n       <div class=\"frise\"></div>\r\n       <div class=\"cercle\"></div>\r\n            <div class=\"text\">\r\n            桥的建造', 'ch', 'index', 'FI'),
(702, '1309</div>\r\n       <div class=\"frise\"></div>\r\n       <div class=\"cercle\"></div>\r\n            <div class=\"text\">\r\n            阿维尼翁的第一位教皇', 'ch', 'index', 'FI'),
(703, '1335</div>\r\n        <div class=\"frise\"></div>\r\n        <div class=\"cercle\"></div>\r\n            <div class=\"text\">\r\n            教皇宫殿的建造', 'ch', 'index', 'FI'),
(704, '1342</div>\r\n        <div class=\"frise\"></div>\r\n        <div class=\"cercle\"></div>\r\n        <div class=\"text\">\r\n        新宫的建造', 'ch', 'index', 'FI'),
(705, '1995</div>\r\n        <div class=\"frise\"></div>\r\n        <div class=\"cercle\"></div>\r\n        <div class=\"text\">\r\n            阿维尼翁市在联合国教科文组织的注册', 'ch', 'index', 'FI'),
(706, '', 'ch', 'index', 'BR'),
(707, '', 'ch', 'index', 'BR'),
(708, '介紹該項目', 'ch', 'index', 'TP'),
(709, '', 'ch', 'index', 'BR'),
(710, 'https://www.youtube.com/embed/xXnLuIVHHVM\r\n', 'ch', 'index', 'VP'),
(711, '历史', 'ch', 'histoire', 'TP'),
(712, '', 'ch', 'histoire', 'TM'),
(713, '#pont_p1 id=\"pont_p1\">一座古老的城市', 'ch', 'histoire', 'MP'),
(714, '#pont_p2>教皇时期的阿维尼翁', 'ch', 'histoire', 'MP'),
(715, '#pont_p3>我们今天所知道的阿维尼翁', 'ch', 'histoire', 'MP'),
(716, '', 'ch', 'histoire', 'TB'),
(717, '一座古老的城市', 'ch', 'histoire', 'T1'),
(718, '史前起源<br>', 'ch', 'histoire', 'T2'),
(719, '阿维尼翁的起源可以追溯到史前时期。事 实上, 阿维尼翁的作用之一既是一个大本 营, 也是一个避难所。它现在被称为罗歇 德顿（RocherdesDoms）, 城市的历史和 文化遗产基本都在这里', 'ch', 'histoire', 'PA'),
(720, '高卢罗马城市<br>', 'ch', 'histoire', 'T2'),
(721, '<div id=pont_p2></div>\r\n阿维尼翁当时的意思是 \"河流之城\" 或 \"大 风之城\", 因为如今这座城市仍然被罗纳河 横穿, 并被法国西南部的密史脱拉风所触 及。许多遗迹表明, 阿维尼翁随后成为一 个设防的罗马城市, 就像阿尔勒一样, 是该 地区最著名的竞技场。\r\n<br>\r\n', 'ch', 'histoire', 'PA'),
(722, '<br>教皇时期的阿维尼翁', 'ch', 'histoire', 'T1'),
(723, '教皇的到来<br>', 'ch', 'histoire', 'T2'),
(724, '这座城市在中世纪继续发展壮大。 在 十 二世纪, 这座城市被认为属于阿尔勒王国, 然后又属于普罗旺斯县。阿维尼翁在普罗 旺斯和图卢兹的宗主国之下获得了 \"公社 \" 的地位后, 于 1228 被法国国王路易八 世占领。1274 年, 阿维尼翁被割让给罗马 教廷, 教皇克莱蒙五世在意大利发生骚乱 后, 于 1305 年在此定居。之后另外六个 教皇接替他住在阿维尼翁。', 'ch', 'histoire', 'PA'),
(725, '<br>在欧洲的影响力', 'ch', 'histoire', 'T2'),
(726, '<div id=\"pont_p3\"></div>\r\n教皇在城里定居使这座城市在欧洲拥有了 前所未有的光彩: 几年内, 它的居民人数从 6000 人增加到 10 万多人, 包括教皇宫在 内的许多教会建筑都被建造出来, 整个城 市都被美化了。然而在 1374 年，格里高 利十一世, 六个教皇中的最后一个,回到了 罗马。从他死后到 1417 之前，一直存在 着两个大希斯梅（GrandSchisme）的教 皇, 一个在阿维尼翁, 一个在罗马。', 'ch', 'histoire', 'PA'),
(727, '<br>我们今天所知道的阿维尼翁', 'ch', 'histoire', 'T1'),
(728, '省会', 'ch', 'histoire', 'T2'),
(729, '即使在教皇离开之后, 这座城市仍就通过 负责外交使团的教皇代表----使徒法团---在教皇的所有下维持了三个多世纪。 但是, 阿维尼翁仍然保持着其重要性, 特别 是由于其新的设施以及其地理位置。事实 上, 它位于意大利-西班牙航线和南北轴 线之间的一个特权十字路口。此外, 在弗 朗西斯一世和查理五世之间的战争中, 这 座城市的防御起到了巨大的作用。', 'ch', 'histoire', 'PA'),
(730, '<br>真正的法国统治时期', 'ch', 'histoire', 'T2'),
(731, '从 1226 年路易八世在位时开始，这座桥 遭受了多次破坏。它第一次被重建时，人 们提高了桥面，用木材取代了石头，以更 好地负载大量的商队通过。破坏持续发 生，因此这座桥一直重建到 17 世纪。\r\n但是洪水忽然间变得太大使得教会不再为 任何重建提供资金。随后, 这座桥被废弃, 如今，它最初的 2 2 个拱门只剩下 4 个。', 'ch', 'histoire', 'PA'),
(732, 'class=\"img_pont\" src=\"../Images/accueil_pont.jpg\" alt=\"阿维尼翁桥 \"', 'ch', 'pont', 'IM'),
(733, '阿维尼翁桥 ', 'ch', 'pont', 'TP'),
(734, '', 'ch', 'pont', 'TM'),
(735, '#pont_p1 id=\"pont_p1\">建造与建筑', 'ch', 'pont', 'MP'),
(736, '#pont_p2>宗教建筑', 'ch', 'pont', 'MP'),
(737, '#pont_p3>地理位置', 'ch', 'pont', 'MP'),
(738, '#pont_p4>阿维尼翁市的现代标志', 'ch', 'pont', 'MP'),
(739, '', 'ch', 'pont', 'TB'),
(740, '建造与建筑', 'ch', 'pont', 'T1'),
(741, 'src=\"../Images/pont_18e.jpg\" alt=\"Gravure du pont au 18ème siècle\" align=\"left\" style=\"width:30%; padding-right: 8%; margin-left: 10%;\"', 'ch', 'pont', 'IM'),
(742, '建造的考验', 'ch', 'pont', 'T2'),
(743, '圣贝内泽桥 (俗称阿维尼翁桥) 于 1177 年开始建造, 至 1185 年底完成。最初, 圣贝内泽桥是一座横跨罗讷河的桥梁, 但 现在不可能通过这座桥穿越罗讷河。事实 上, 这座桥在 1633 年后被毁了一半以上, 此后从未重建过。', 'ch', 'pont', 'TB'),
(744, '<br>不朽的作品', 'ch', 'pont', 'T2'),
(745, '<div id=\"pont_p2\"></div>\r\n然而, 它仍被列为阿维尼翁市的主要古迹 之一, 因为它代表了那个时期的大型建筑。事实上, 这座桥因为他的建筑本身也 因为他的巨大宏伟，是最著名的普罗旺 斯-中世纪建筑。它包括 22 个拱门, 测 量高度超过 900 米。此外, 它的建造持续 了 7 年多, 这让它在河流建筑中有了一定 的声誉。\r\n<br><br><br><br><br><br>', 'ch', 'pont', 'TB'),
(746, '宗教建筑', 'ch', 'pont', 'T1'),
(747, '神圣的建筑', 'ch', 'pont', 'T2'),
(748, '根据许多消息来源, 这座桥本来是在一个 名叫贝内泽的牧羊人在听了基督的话语后 提议建造的。后者在说服居民相信他的人 之后, 成功地向当地居民和掌权者筹集了 必要的资金。他把自己的名字命名给了这 座桥, 即圣贝内泽桥。', 'ch', 'pont', 'TB'),
(749, '<br>宗教作用', 'ch', 'pont', 'T2'),
(750, '<div id=\"pont_p3\"></div>\r\n这座建筑最初是用来穿越罗讷河的, 但其 次也是用来服务基督教的。事实上, 圣尼 古拉斯教堂或圣贝内泽教堂是在大桥建造 的同期在其第三支柱上建造的。阿维尼翁 宗教教派的成员们得以在那里居住。然 而, 从 1674 年开始, 由于洪水变得太大, 危及到教堂内的文物, 这些文物被转移到 塞尔廷教堂，而大桥也不再是教派成员们 居住的地方。', 'ch', 'pont', 'TB'),
(751, '<br>地理位置', 'ch', 'pont', 'T1'),
(752, 'src=\"../Images/pont_19e.jpg\" alt=\"Tableau du pont au 19ème siècle\" align=\"right\" style=\"width:30%; margin-right: 10%; margin-left:2%;\"', 'ch', 'pont', 'IM'),
(753, '一个必不可少的遗址', 'ch', 'pont', 'T2'),
(754, '这座桥, 就其位置而言, 为那个时期的阿维 尼翁在欧洲带来了辉煌。事实上, 由于这 座桥在该地区的独特性, 这座城市在建造 这座桥后迅速吸引了大量的商人涌入: 在 阿尔勒古桥被毁后它是里昂和地中海之间 唯一允许穿越罗讷河的桥梁。直到 14 世 纪带，这座桥一直为阿维尼翁人口的增 长, 及其自身良好发展做着巨大的贡献。', 'ch', 'pont', 'TB'),
(755, '<br>但也有危险', 'ch', 'pont', 'T2'),
(756, '<div id=\"pont_p4\"></div>\r\n从 1226 年路易八世在位时开始，这座桥 遭受了多次破坏。它第一次被重建时，人 们提高了桥面，用木材取代了石头，以更 好地负载大量的商队通过。破坏持续发 生，因此这座桥一直重建到 17 世纪。\r\n但是洪水忽然间变得太大使得教会不再为 任何重建提供资金。随后, 这座桥被废弃, 如今，它最初的 2 2 个拱门只剩下 4 个。', 'ch', 'pont', 'TB'),
(757, '<br>阿维尼翁市的现代标志', 'ch', 'pont', 'T1'),
(758, '一首著名的歌', 'ch', 'pont', 'T2'),
(759, '今天, 阿维尼翁桥主要是由于儿童歌曲 《阿维尼翁桥》而闻名的。这首歌与现实 不同, 因为桥面只有 4 米宽, 几乎不可能 在桥上绕着圈跳舞。不过, 据说还是可以 在桥下的旅社跳舞的。', 'ch', 'pont', 'TB'),
(760, '<br>旅游和遗产', 'ch', 'pont', 'T2'),
(761, '圣贝内泽桥的历史和建筑特色及他的歌曲 都为这座城市提供了珍贵的现代旅游魅 力。因此, 它仍然是自十二世纪被建造以 来, 阿维尼翁市一个标志性象征性的历史 遗产和风景名胜。', 'ch', 'pont', 'TB'),
(762, '<h1>团队</h1><hr>', 'ch', 'apropos', 'T3'),
(763, '<br>Billard Lucas\r\n			<br>项目领导', 'ch', 'apropos', 'DP'),
(764, 'https://www.linkedin.com/in/lucas-billard-69b549175/', 'ch', 'apropos', 'AH'),
(765, '<img class=\"profil\" src=\"../Images/lucas.jpg\" alt=\"Billard Lucas\">', 'ch', 'apropos', 'AT'),
(766, '<br>Maia Alexandre\r\n			<br>翻译', 'ch', 'apropos', 'DP'),
(767, 'https://www.linkedin.com/in/alexandre-maia-7b00b9175/', 'ch', 'apropos', 'AH'),
(768, '<img class=\"profil\" src=\"../Images/alexandre.jpg\" alt=\"Maia Alexandre\">', 'ch', 'apropos', 'AT'),
(769, '<br>Courtois Fabien\r\n			<br>编辑', 'ch', 'apropos', 'DP'),
(770, 'https://www.linkedin.com/in/fabien-courtois-71797b174/', 'ch', 'apropos', 'AH'),
(771, '<img class=\"profil\" src=\"../Images/fabien.jpg\" alt=\"Courtois Fabien\">', 'ch', 'apropos', 'AT'),
(772, '<br>Fernandes Nicolas\r\n		<br>编辑', 'ch', 'apropos', 'DP'),
(773, 'https://www.linkedin.com/in/nicolas-fernandes-052980174/', 'ch', 'apropos', 'AH'),
(774, '<img class=\"profil\" src=\"../Images/nicolas.jpg\" alt=\"Fernandes Nicolas\">', 'ch', 'apropos', 'AT'),
(775, '<br>Fournier Loïc\r\n			<br>维护', 'ch', 'apropos', 'DP'),
(776, 'https://www.linkedin.com/in/lo%C3%AFc-fournier/', 'ch', 'apropos', 'AH'),
(777, '<img class=\"profil\" src=\"../Images/loic.jpg\" alt=\"Pont Fournier Loïc\">', 'ch', 'apropos', 'AT'),
(778, '<h1 >項目</h1><hr>', 'ch', 'apropos', 'T3'),
(779, '通过与联合国教科文组织论坛的合作, 我\r\n们在巴黎东大-马恩河谷大学 DUT 的计\r\n算机专业开展了一个关于阿维尼翁市遗产\r\n的辅导项目。', 'ch', 'apropos', 'TB'),
(780, '<h1 >我们的合作</h1><hr>', 'ch', 'apropos', 'T3'),
(781, 'http://www.u-pem.fr/\" class=\"beauty-link', 'ch', 'apropos', 'AH'),
(782, '<img class=\"partenaire\" style=\"margin-bottom: 2%;\" src=\"../Images/upem.png\" alt=\'Université de Paris-Est Marne-la-Valée\'>', 'ch', 'apropos', 'AT'),
(783, 'https://zh.unesco.org/\" class=\"beauty-link', 'ch', 'apropos', 'AH'),
(784, '<img class=\"partenaire\" src=\"../Images/unesco.png\" alt=\"UNESCO\">', 'ch', 'apropos', 'AT'),
(785, 'http://idea.univ-paris-est.fr/fr/projets-lances/document-2783.html\" class=\"beauty-link', 'ch', 'apropos', 'AH'),
(786, '<img class=\"partenaire\" src=\"../Images/forum.png\"  alt=\"Forum\">', 'ch', 'apropos', 'AT'),
(787, 'http://idea.univ-paris-est.fr/fr\" class=\"beauty-link', 'ch', 'apropos', 'AH'),
(788, '<img class=\"partenaire\" style=\"margin-bottom: 2%;\" src=\"../Images/IDEA.png\"  alt=\"IDEA\">', 'ch', 'apropos', 'AT'),
(789, 'http://www.agence-nationale-recherche.fr/\" class=\"beauty-link', 'ch', 'apropos', 'AH'),
(790, '<img class=\"partenaire\" src=\"../Images/ANR.png\"  alt=\"ANR\">', 'ch', 'apropos', 'AT'),
(791, 'http://www.enseignementsup-recherche.gouv.fr/pid24578/investissements-d-avenir.html\" class=\"beauty-link', 'ch', 'apropos', 'AH'),
(792, '<img class=\"partenaire\" src=\"../Images/avenir.png\" alt=\"Investissements de l\'avenir\">', 'ch', 'apropos', 'AT'),
(793, '<h1>参与者</h1><hr>\r\n			<h2> 教学团队</h2>', 'ch', 'apropos', 'T3'),
(794, '', 'ch', 'apropos', 'PA'),
(795, 'https://www.linkedin.com/in/tewfikettayeb/?originalSubdomain=fr\" class=\"beauty-link', 'ch', 'apropos', 'AH'),
(796, 'ETTAYEB Tewfik<br>', 'ch', 'apropos', 'AT'),
(797, 'https://www.linkedin.com/in/david-cessy-b8042239/\" class=\"beauty-link', 'ch', 'apropos', 'AH'),
(798, 'CESSY David<br>', 'ch', 'apropos', 'AT'),
(799, 'https://www.linkedin.com/in/yann-reby/\" class=\"beauty-link', 'ch', 'apropos', 'AH'),
(800, 'REBY Yann<br>', 'ch', 'apropos', 'AT'),
(803, '<br><h2>图标来源</h2>', 'ch', 'apropos', 'PA'),
(804, 'http://emeline-cardinet.com/\" class=\"beauty-link', 'ch', 'apropos', 'AH'),
(805, '徽標:  CARDINET Emeline<br>', 'ch', 'apropos', 'AT'),
(806, 'https://www.icomos.org/fr/chartes-et-normes/index.php?option=com_contact&view=contact&catid=174:staff-icomos&id=9-lucile-smirnov\" class=\"beauty-link', 'ch', 'apropos', 'AH'),
(807, 'Icomos : SMIRNOV Lucile<br>', 'ch', 'apropos', 'AT'),
(809, '<span style=\'font-size:20px;\'>中文翻譯: Xunyue Hu<br></span>', 'ch', 'apropos', 'PA'),
(810, '<br><h2>文献来源</h2>', 'ch', 'apropos', 'PA'),
(811, 'https://www.icomos.org/fr/\" class=\"beauty-link', 'ch', 'apropos', 'AH'),
(812, '<img class=\"footer-img\" src=\"../Images/Icomos.png\" alt=\"Logo Icomos\"><br><br>', 'ch', 'apropos', 'AT'),
(813, 'http://www.palais-des-papes.com/fr\" class=\"beauty-link', 'ch', 'apropos', 'AH'),
(814, '官方網站教皇宮殿<br>', 'ch', 'apropos', 'AT'),
(815, 'http://www.avignon-et-provence.com/monuments/pont-davignon\" class=\"beauty-link', 'ch', 'apropos', 'AH'),
(816, '阿維尼翁和普羅旺斯網站', 'ch', 'apropos', 'AT'),
(817, '<h1>評論</h1><hr>', 'ch', 'apropos', 'T3'),
(818, 'admin.php?lang=ch\" class=\"beauty-link admin-link', 'ch', 'apropos', 'AH'),
(819, '管理網站<br>', 'ch', 'apropos', 'AT'),
(820, 'class=\"img_hotelDeVille\" src=\"../Images/hotelDeVille.jpg\" alt=\"Hotel De Ville\"', 'ch', 'artisanat', 'IM'),
(821, '阿维尼翁和它的工匠们', 'ch', 'artisanat', 'TP'),
(822, '<br>阿维尼翁的弦乐器', 'ch', 'artisanat', 'T1'),
(823, 'src=\"../Images/lutherie.jpeg\" class=\"pdp_plan\" alt=\"Lutherie\" align=\"left\" hspace=\"4%\"', 'ch', 'artisanat', 'IM'),
(824, '这座城市因其庇护了大量的弦乐器制造商\r\n而闻名。希腊年间在卡捷琳娜的领导下, 他们制造出的阿维尼翁弦乐器, 为这座城市在这一地区的声誉做出了很大贡献。这\r\n座小城位于历史悠久的市中心, 专门生产\r\n和维修弦乐器', 'ch', 'artisanat', 'TB'),
(825, 'DM LUTHERIE<br>\r\n            <br>', 'ch', 'artisanat', 'T3'),
(826, 'http://www.fronistalutherie.com\" class=\"beauty-link', 'ch', 'artisanat', 'AH'),
(827, '17 Rue Saint-Etienne\r\n				84000 Avignon<br>\r\n				04 90 85 65 88\r\n				kvfro@wanadoo.fr', 'ch', 'artisanat', 'AT'),
(828, '<br>\r\n艺术品的修复和镀金', 'ch', 'artisanat', 'T1'),
(829, 'src=\"../Images/chasseEtPeche.jpg\" id=img_chasseEtPeche alt=\"Tableau Chasse et Peche\" align=\"right\" hspace=\"4%\" class=\"pdp_plan\"', 'ch', 'artisanat', 'IM'),
(830, '由于城市拥有大量的艺术文化遗产, 尤其\r\n是为了不断翻新那些存放在城市博物馆中\r\n的画作并使之符合最新的潮流，这些艺术\r\n品的修复者已经在那里定居。阿维尼翁以\r\n其镀金车间而闻名。这些工匠的工作是在\r\n特定的材料上涂上一层黄金产品: 粉末、\r\n油漆或板材。', 'ch', 'artisanat', 'TB'),
(831, '當地的吉爾德<br>', 'ch', 'artisanat', 'T3'),
(832, 'http://www.atelieryvan.fr\" class=\"beauty-link', 'ch', 'artisanat', 'AH'),
(833, 'Atelier Yvan - SARL Saint-Antonin\r\n                    <br>\r\n                    97 Rue de la Carreterie\r\n                    84000 Avignon\r\n                    04 90 82 64 84', 'ch', 'artisanat', 'AT'),
(834, '瓷器和陶瓷', 'ch', 'artisanat', 'T1'),
(835, 'src=\"../Images/porcelaine.jpg\" class=\"pdp_plan\" alt=\"Porcelaine\" align=\"left\" hspace=\"4%\"', 'ch', 'artisanat', 'IM'),
(836, '你终于可以在城里找到一些制作瓷器和陶\r\n瓷的工匠。尤其是在阿维尼翁诞生了一家\r\n在这领域十分著名的公司: 阿维尼翁陶\r\n瓷。该公司在这一领域有着公认的历史, 特别是在 2011 年作为 \"农村卓越中心\" 在其工厂内接待了法国总统尼古拉·萨科\r\n齐 (Nicolas Sarkozy) 之后。', 'ch', 'artisanat', 'TB'),
(837, 'La Porcelaine Blanche\r\n                        <br>\r\n                        <br>', 'ch', 'artisanat', 'T3'),
(838, 'https://www.pagesjaunes.fr/pros/04755317\" class=\"beauty-link', 'ch', 'artisanat', 'AH'),
(839, '12 Rue Des Trois Faucons, 84000 Avignon', 'ch', 'artisanat', 'AT'),
(840, '阿维尼翁艺术节', 'ch', 'event', 'TP'),
(841, '阿维尼翁艺术节自 1947 年以来每年都会\r\n在 7 月的夏季举行。它往往会带来一些\r\n戏剧、表演艺术和展览等这些当代作品的\r\n世界首映。这个节日的特殊性在于, 它位\r\n于城市的中心, 是露天的, 也就是说，它向\r\n所有人开放。伴随着这个节日的还有城市\r\n里所有的建筑遗产。事实上, 许多场景都\r\n是围绕着这座城市的遗产安装的, 这使得\r\n阿维尼翁变成了一个城市剧院。现在, 阿\r\n维尼翁艺术节是国际上最重要的表演艺术\r\n活动之一', 'ch', 'event', 'TB'),
(842, 'class=\"gallery_image\" src=\"../Images/Festival_dAvignon_1.jpg\" alt=\"Festival d\'Avignon\"', 'ch', 'event', 'IM'),
(843, 'class=\"gallery_image\" src=\"../Images/Festival_dAvignon_2.jpg\" alt=\"Festival d\'Avignon\"', 'ch', 'event', 'IM'),
(844, 'class=\"gallery_image\" src=\"../Images/Festival_dAvignon_3.jpg\" alt=\"Festival d\'Avignon\"', 'ch', 'event', 'IM'),
(845, '<h2>\r\n实用信息<br></h2>\r\n', 'ch', 'event', 'T3'),
(846, 'http://www.festival-avignon.com\" class=\"beauty-link', 'ch', 'event', 'AH'),
(847, '<br><h3>节日网站 </h3>', 'ch', 'event', 'AT'),
(848, 'http://www.festival-avignon.com/fr/reservations-tarifs\" class=\"beauty-link', 'ch', 'event', 'AH'),
(849, '<h3>票务预定\r\n            <br>电话: 04 90 14 14 14\r\n        </h3>', 'ch', 'event', 'AT'),
(850, '展览', 'ch', 'event', 'TP'),
(851, '在联合国教科文组织论坛与巴黎东大-马\r\n恩河谷大学的合作中, Patrick CALLET 先\r\n生提出的关于论坛活动和教学创新的会议\r\n将在阿维尼翁举行。同时, 一个由一些学\r\n生和摄影艺术家团体举办的展览将在阿维\r\n尼翁的 3 个场所展出。这将以数码和色\r\n彩遗产的主题来支持城市遗产。', 'ch', 'event', 'TB'),
(852, '', 'ch', 'event', 'T3'),
(853, '../Documents/Plaquette.pdf\" class=\"beauty-link', 'ch', 'event', 'AH'),
(854, '<h2>活动宣传册</h2>', 'ch', 'event', 'AT'),
(855, 'class=\"home_picture\" src=\"../Images/abbaye.jpg\" alt=\"Lavande\"', 'ch', 'gastro', 'IM'),
(856, '美食', 'ch', 'gastro', 'TP'),
(857, '<br>阿维尼翁教皇酒心巧克力', 'ch', 'gastro', 'T1'),
(858, 'src=\"../Images/Papalines.jpg\" class=\"pdp_plan\" alt=\"Papalines d\'Avignon\" align=\"left\" hspace=\"4%\"', 'ch', 'gastro', 'IM'),
(859, '阿维尼翁的教皇酒心巧克力（Papaline 帕\r\n波林）是阿维尼翁市的一种特产。 顾名\r\n思义, 它指的是教皇在阿维尼翁近一个世\r\n纪的统治。它是由两层薄薄的巧克力包着\r\n利口酒 (康塔特牛至利口酒) 组成的甜\r\n食。它的巧克力涂层是彩色的, 使人们记\r\n起红衣主教的长袍。这种甜食记录在法国\r\n的国家特产遗产库中, 每年的销量约为 5\r\n吨, 仅由 60 个糕点供应商提供!以此来取\r\n悦您的味蕾!', 'ch', 'gastro', 'TB'),
(860, 'LES PÂTISSIERS DES PAPALINES :<br><br>', 'ch', 'gastro', 'T3'),
(861, 'http://patissiers-chocolatiers-vaucluse.com/index.php?perma=1311078749\" class=\"beauty-link', 'ch', 'gastro', 'AH'),
(862, '22, rue du Vieux-Sextier<br>84000 Avignon', 'ch', 'gastro', 'AT'),
(863, '<br>阿维尼翁教皇茄子', 'ch', 'gastro', 'T1'),
(864, 'src=\"../Images/Papeton_Avignon.jpg\" class=\"pdp_plan\" alt=\"Papeton d\'Avignon\" align=\"right\" hspace=\"4%\"', 'ch', 'gastro', 'IM'),
(865, '另一个同样让人垂涎欲滴的特色菜：帕普\r\n顿!它也被称为 \"教皇茄子\"。这道菜实际\r\n上是一个由茄子鱼子酱做成的沃克吕兹布\r\n丁。\"帕普顿\" 曾经叫做玉米穗, 因为其金\r\n色的外观。 这道菜起源于罗马教皇的一\r\n位厨师对他的一位同行说的一句话。事实\r\n上,前者对后者说： \"意大利美食比您的美\r\n食更考究\"。因此他的同行决定制作这道\r\n美食, 最终以其鲜艳的色彩得到了教皇的\r\n赞赏。', 'ch', 'gastro', 'TB'),
(866, 'Augustin Traiteur <br>\r\n                <br>', 'ch', 'gastro', 'T3'),
(867, 'https://www.traiteur-augustin.com/fr/les-repas-repas-a-emporter\" class=\"beauty-link', 'ch', 'gastro', 'AH'),
(868, '19 Bd Frédéric Mistral <br>\r\n                30400 Villeneuve les Avignon', 'ch', 'gastro', 'AT'),
(869, '<br><br><br>阿维尼翁的耳朵甜甜圈', 'ch', 'gastro', 'T1'),
(870, 'src=\"../Images/Oreillettes.jpg\" class=\"pdp_plan\" alt=\"Oreillettes d\'Avignon\" align=\"left\" hspace=\"4%\"', 'ch', 'gastro', 'IM'),
(871, '这是一种薄的, 脆的, 长切的甜甜圈。人们\r\n尤其喜欢将它与糖一起吃。而将它与各种\r\n各样的面包搭配着吃其实是圣诞节的一个\r\n传统。', 'ch', 'gastro', 'TB'),
(872, 'CHEZ MAMÉ - DOMAINE SAINT VICTOR\r\n                <br>\r\n                <br>', 'ch', 'gastro', 'T3'),
(873, 'https://www.petitfute.com/v33601-la-tour-d-aigues-84240/c1165-restaurants/c4-cuisine-francaise/1448180-chez-mame-domaine-saint-victor.html\" class=\"beauty-link', 'ch', 'gastro', 'AH'),
(874, 'Quartier Saint Victor <br>\r\n                21, chemin de la Routidouire - D246 <br>\r\n                84240 La Tour-d\'Aigues', 'ch', 'gastro', 'AT'),
(875, 'class=\"home_picture\" src=\"../Images/Palais.jpg\" alt=\"Palais des Papes\"', 'ch', 'pdp', 'IM'),
(876, '教皇宫', 'ch', 'pdp', 'TP'),
(877, '', 'ch', 'pdp', 'TM'),
(878, '#pdp1>历史遗迹', 'ch', 'pdp', 'MP'),
(879, '#pdp2>标志性建筑', 'ch', 'pdp', 'MP'),
(880, '', 'ch', 'pdp', 'TB'),
(881, 'id=\"pdp1\"', 'ch', 'pdp', 'BR'),
(882, '通过劳伦斯·杜雷尔在他的作品《地方的\r\n精神》 (1976)，查尔斯·德·布鲁什在\r\n《意大利的书信》 (1986) 或是维克\r\n多·胡戈在他的 《1839 年 9 月 25 日\r\n的信》 中所描述的那样, 教皇宫是阿维尼\r\n翁市必不可少的文化纪念碑, 是各种作品\r\n的主题, 特别是上面引用的那些作品。它\r\n既是堡垒也王子的寝宫, 它由北部的旧殿\r\n和南部的新殿两部分组成。', 'ch', 'pdp', 'TB'),
(883, '<br>历史遗迹', 'ch', 'pdp', 'T1'),
(884, '施工', 'ch', 'pdp', 'T2'),
(885, '由克莱蒙五世下令, 从 1335 到 1352 年, 教皇宫建了将近 20 年。 其坐落在罗讷河\r\n畔, 被建造于阿维尼翁古城池顶。他的建\r\n造者主要是波努瓦十二世 和克莱蒙六\r\n世。让二十二世, 第一个教皇建造者, 完成了小\r\n皇宫的建造，他把前主教宫殿变成了宗座住所，为宫殿留出了空间。从 1342 年到 1352 年让·德卢夫尔受克\r\n莱蒙六世委托建造了新宫。 因此, 后者进\r\n行了各种延伸, 例如建立了大听证厅。克\r\n莱门特六世去世时, 主建筑完工。', 'ch', 'pdp', 'TB'),
(886, '<br>宫殿和教皇', 'ch', 'pdp', 'T2'),
(887, '克莱门特五世, 第一位阿维尼翁教皇, 因政\r\n治和地理原因 (罗马的紧张局势) 于 1309\r\n年 3 月抵达阿维尼翁。在之后近一个世\r\n纪的时间由 7 位法国教皇相继接替。最\r\n后格里高利十一世决定在 1377 年返回罗\r\n马。意大利的于尔班六世和阿维尼翁的克\r\n莱蒙七世 (1379) 这两个教皇之间的竞争\r\n引起了争议。后者的继任者波怒瓦十三世\r\n在 1403 年逃离皇宫。之后马丁五世\r\n（1417 当选）重新在罗马登上了教皇的\r\n位置。', 'ch', 'pdp', 'TB'),
(888, '教皇宫的用处', 'ch', 'pdp', 'T2'),
(889, '教皇宫有几个用处。首先, 它真正保护了\r\n教皇, 保证了他们在罗马不再享有的安\r\n全、自由和独立。\r\n\r\n<br><br>\r\n教皇的统治在罗马得以恢复后, 教皇宫就\r\n成为了教皇特使的寝宫，而后是代理教皇\r\n特使的寝宫，一直到革命发生后, 它变成\r\n了军营。 最终到二十世纪初向公众开\r\n放。\r\n<br>\r\n        <br>\r\n目前, 他有很多用处: 根据季节不同会有一\r\n些戏剧艺术节和展览在这 举办；另外还\r\n会有音乐会和招待会。同时教皇宫内还有\r\n博物馆，档案馆和研究所。\r\n <br>\r\n        <br id=\"pdp2\">', 'ch', 'pdp', 'TB'),
(890, '标志性建筑', 'ch', 'pdp', 'T1'),
(891, '教皇宫的构造', 'ch', 'pdp', 'T2'),
(892, 'src=\"../Images/Plan_PDP.jpg\" class=\"pdp_plan\" alt=\"Plan du Palais des Papes\" align=\"left\" hspace=\"4%\"', 'ch', 'pdp', 'IM'),
(893, '教皇宫表面积有 165, 500 万平方米, 由波\r\n努瓦十二世的旧宫 (北) 和克莱蒙六世的\r\n新宫 (南部)组成 , 由大庭院隔开。其正门\r\n位于旧宫的中心。\r\n<br><br>\r\n旧宫由长老会室、圣约翰教堂、费斯廷斯\r\n厅以及客厅和私人公寓组成。\r\n<br><br>\r\n新宫位于雄鹿室旁边, 本身主要由大礼拜\r\n堂组成, 大礼拜堂沉重的拱门由一个飞扶\r\n壁支撑。\r\n<br><br>最后, 位于教皇宫殿以北的巴黎圣母院, 取\r\n代了大主教管区的旧建筑。', 'ch', 'pdp', 'TB'),
(894, '<br><br><br>艺术建筑', 'ch', 'pdp', 'T2'),
(895, 'src=\"../Images/Chapelle_Saint_Jean.jpg\" class=\"pdp_plan\" alt=\"Chapelle_Saint_Jean\" align=\"right\" hspace=\"4%\"', 'ch', 'pdp', 'IM'),
(896, '教皇宫的哥特式风格，真正的十四世纪堡\r\n垒式宫殿, 是由让-德卢夫尔创造的。它\r\n的装饰被交给了著名的意大利画家马特\r\n奥·乔万内蒂（Matteo Giovannetti）, 后\r\n者主要负责画几个教堂, 并完成了新宫的\r\n装饰。\r\n<br><br>\r\n后来, 法意研讨会用大量描绘乡村场景的\r\n壁画来完善宫殿的装饰。\r\n<br><br><br>\r\n总之, 教皇宫是历史必不可少的遗迹之\r\n一。它也是我们世界遗产的重要建筑之\r\n一。也因此得以在 1995 年在联合国教科\r\n文组织登记。', 'ch', 'pdp', 'TB'),
(898, '', 'en', 'index', 'BR'),
(899, 'Project Introduction', 'en', 'index', 'TP'),
(900, '', 'en', 'index', 'BR'),
(901, 'https://www.youtube.com/embed/xXnLuIVHHVM\r\n', 'en', 'index', 'VP');

-- --------------------------------------------------------

--
-- Structure de la table `Questions`
--

CREATE TABLE `Questions` (
  `id_Question` int(11) NOT NULL,
  `id_Par` int(11) NOT NULL
) ENGINE=InnoDB DEFAULT CHARSET=utf8;

--
-- Contenu de la table `Questions`
--

INSERT INTO `Questions` (`id_Question`, `id_Par`) VALUES
(1, 494),
(2, 495),
(3, 496),
(4, 497),
(5, 498),
(6, 499),
(7, 500),
(8, 501),
(9, 502),
(10, 503),
(11, 504),
(12, 505),
(13, 506),
(14, 507),
(15, 508),
(16, 509),
(1, 571),
(2, 572),
(3, 573),
(4, 574),
(5, 575),
(6, 576),
(7, 577),
(8, 578),
(9, 579),
(10, 580),
(11, 581),
(12, 582),
(13, 583),
(14, 584),
(15, 585),
(16, 586);

-- --------------------------------------------------------

--
-- Structure de la table `Reponses`
--

CREATE TABLE `Reponses` (
  `id_Reponse` int(11) NOT NULL,
  `Correct` tinyint(1) NOT NULL,
  `id_Question` int(11) NOT NULL,
  `id_Par` int(11) NOT NULL
) ENGINE=InnoDB DEFAULT CHARSET=utf8;

--
-- Contenu de la table `Reponses`
--

INSERT INTO `Reponses` (`id_Reponse`, `Correct`, `id_Question`, `id_Par`) VALUES
(1, 1, 1, 516),
(2, 0, 1, 517),
(3, 0, 1, 518),
(4, 0, 2, 519),
(5, 0, 2, 520),
(6, 1, 2, 521),
(7, 0, 3, 522),
(8, 1, 3, 523),
(9, 0, 3, 524),
(10, 0, 4, 525),
(11, 1, 4, 526),
(12, 0, 4, 527),
(13, 1, 5, 528),
(14, 0, 5, 529),
(15, 0, 5, 530),
(16, 0, 6, 531),
(17, 1, 6, 532),
(18, 0, 6, 533),
(19, 0, 7, 534),
(20, 0, 7, 535),
(21, 1, 7, 536),
(22, 1, 8, 537),
(23, 0, 8, 538),
(24, 1, 8, 539),
(25, 0, 9, 540),
(26, 1, 9, 541),
(27, 0, 9, 542),
(28, 1, 10, 543),
(29, 0, 10, 544),
(30, 0, 10, 545),
(31, 1, 10, 546),
(32, 1, 11, 547),
(33, 0, 11, 548),
(34, 0, 11, 549),
(35, 0, 11, 550),
(36, 0, 12, 551),
(37, 0, 12, 552),
(38, 1, 12, 553),
(39, 0, 12, 554),
(40, 1, 13, 555),
(41, 1, 13, 556),
(42, 1, 13, 557),
(43, 0, 13, 558),
(44, 0, 14, 559),
(45, 1, 14, 560),
(46, 0, 14, 561),
(47, 0, 14, 562),
(48, 0, 15, 563),
(49, 0, 15, 564),
(50, 0, 15, 565),
(51, 1, 15, 566),
(52, 0, 16, 567),
(53, 1, 16, 568),
(54, 0, 16, 569),
(55, 0, 16, 570),
(56, 1, 1, 587),
(57, 0, 1, 588),
(58, 0, 1, 589),
(59, 0, 2, 590),
(60, 0, 2, 591),
(61, 1, 2, 592),
(62, 0, 3, 593),
(63, 1, 3, 594),
(64, 0, 3, 595),
(65, 0, 4, 596),
(66, 1, 4, 597),
(67, 0, 4, 598),
(68, 1, 5, 599),
(69, 0, 5, 600),
(70, 0, 5, 601),
(71, 0, 6, 602),
(72, 1, 6, 603),
(73, 0, 6, 604),
(74, 0, 7, 605),
(75, 0, 7, 606),
(76, 1, 7, 607),
(77, 1, 8, 608),
(78, 0, 8, 609),
(79, 1, 8, 610),
(80, 0, 9, 611),
(81, 1, 9, 612),
(82, 0, 9, 613),
(83, 1, 10, 614),
(84, 0, 10, 615),
(85, 0, 10, 616),
(86, 1, 10, 617),
(87, 1, 11, 618),
(88, 0, 11, 619),
(89, 0, 11, 620),
(90, 0, 11, 621),
(91, 0, 12, 622),
(92, 0, 12, 623),
(93, 1, 12, 624),
(94, 0, 12, 625),
(95, 1, 13, 626),
(96, 1, 13, 627),
(97, 1, 13, 628),
(98, 0, 13, 629),
(99, 0, 14, 630),
(100, 1, 14, 631),
(101, 0, 14, 632),
(102, 0, 14, 633),
(103, 0, 15, 634),
(104, 0, 15, 635),
(105, 0, 15, 636),
(106, 1, 15, 637),
(107, 0, 16, 638),
(108, 1, 16, 639),
(109, 0, 16, 640),
(110, 0, 16, 641);

-- --------------------------------------------------------

--
-- Structure de la table `Type`
--

CREATE TABLE `Type` (
  `format` char(2) NOT NULL,
  `libelle` varchar(50) NOT NULL,
  `baliseO` varchar(100) NOT NULL,
  `baliseF` varchar(255) NOT NULL
) ENGINE=InnoDB DEFAULT CHARSET=utf8;

--
-- Contenu de la table `Type`
--

INSERT INTO `Type` (`format`, `libelle`, `baliseO`, `baliseF`) VALUES
('AH', 'a href', '<a href=\"', ''),
('AT', 'a text', '\" target=\"_blank\">', '</a>'),
('BR', 'saut de ligne', '<br', '>'),
('DP', 'Image propos', '<div class=\"img-propos\">\n			<div>', '</div>'),
('FC', 'Frise chronologique', '<div class=\"chrono\">', ''),
('FI', 'Item frise', '<div class=\"dropdown-chrono\" onclick=\"\">\r\n       <div class=\"date\">', '</div></div>'),
('II', 'image Index', '<div class=\"container\">\n        <a href=', '</h3></a>     </div>'),
('IL', 'liste Images Index', '<div class=\"images_line_index\">', ''),
('IM', 'Image', '<img ', '>'),
('MP', 'Onglet table des matières', '<li><a href=', '</a></li>'),
('PA', 'Paragraphe', '<p>', ''),
('T1', 'Titre 2', '<h2 class=\"title2\">', '</h2><hr>'),
('T2', 'Titre 3', '<h4 class=\"title4\">', '</h4><br>'),
('T3', 'Titre contour', '<div class=\"title3\">', '</div>'),
('TB', 'Zone texte', '<div class=\"text_box\">', '</div>'),
('TM', 'Titre table des matieres', '<div class=\"table_mat\">\n<ul>', '</ul></div>'),
('TP', 'Titre principal', '<div class=\"title_bar\">\n<h1>', '</h1></div>'),
('VP', 'videoDePresentation', '<iframe width=\"70%\" height=\"450\" src=\"', '\" frameborder=\"0\" allow=\"accelerometer; autoplay; encrypted-media; loop; gyroscope; picture-in-picture\"  allowfullscreen class=\"video\"></iframe>');

--
-- Index pour les tables exportées
--

--
-- Index pour la table `Commentaires`
--
ALTER TABLE `Commentaires`
  ADD PRIMARY KEY (`id`);

--
-- Index pour la table `Langue`
--
ALTER TABLE `Langue`
  ADD PRIMARY KEY (`code`);

--
-- Index pour la table `Page`
--
ALTER TABLE `Page`
  ADD PRIMARY KEY (`nom`);

--
-- Index pour la table `Paragraphes`
--
ALTER TABLE `Paragraphes`
  ADD PRIMARY KEY (`id`),
  ADD KEY `Paragraphes_Langue_FK` (`code`),
  ADD KEY `Paragrahes_Page_FK` (`nomPage`),
  ADD KEY `Paragraphes_Type_FK` (`format`);

--
-- Index pour la table `Questions`
--
ALTER TABLE `Questions`
  ADD PRIMARY KEY (`id_Question`,`id_Par`) USING BTREE,
  ADD KEY `Questions_ibfk_1` (`id_Par`);

--
-- Index pour la table `Reponses`
--
ALTER TABLE `Reponses`
  ADD PRIMARY KEY (`id_Reponse`),
  ADD KEY `id_Par` (`id_Par`),
  ADD KEY `id_Question` (`id_Question`);

--
-- Index pour la table `Type`
--
ALTER TABLE `Type`
  ADD PRIMARY KEY (`format`);

--
-- AUTO_INCREMENT pour les tables exportées
--

--
-- AUTO_INCREMENT pour la table `Commentaires`
--
ALTER TABLE `Commentaires`
  MODIFY `id` int(11) NOT NULL AUTO_INCREMENT, AUTO_INCREMENT=48;
--
-- AUTO_INCREMENT pour la table `Paragraphes`
--
ALTER TABLE `Paragraphes`
  MODIFY `id` int(11) NOT NULL AUTO_INCREMENT, AUTO_INCREMENT=900;
--
-- AUTO_INCREMENT pour la table `Questions`
--
ALTER TABLE `Questions`
  MODIFY `id_Question` int(11) NOT NULL AUTO_INCREMENT, AUTO_INCREMENT=38;
--
-- AUTO_INCREMENT pour la table `Reponses`
--
ALTER TABLE `Reponses`
  MODIFY `id_Reponse` int(11) NOT NULL AUTO_INCREMENT, AUTO_INCREMENT=114;
--
-- Contraintes pour les tables exportées
--

--
-- Contraintes pour la table `Paragraphes`
--
ALTER TABLE `Paragraphes`
  ADD CONSTRAINT `Paragrahes_Page_FK` FOREIGN KEY (`nomPage`) REFERENCES `Page` (`nom`),
  ADD CONSTRAINT `Paragraphes_Langue_FK` FOREIGN KEY (`code`) REFERENCES `Langue` (`code`),
  ADD CONSTRAINT `Paragraphes_Type_FK` FOREIGN KEY (`format`) REFERENCES `Type` (`format`);

--
-- Contraintes pour la table `Questions`
--
ALTER TABLE `Questions`
  ADD CONSTRAINT `Questions_ibfk_1` FOREIGN KEY (`id_Par`) REFERENCES `Paragraphes` (`id`);

--
-- Contraintes pour la table `Reponses`
--
ALTER TABLE `Reponses`
  ADD CONSTRAINT `Reponses_ibfk_2` FOREIGN KEY (`id_Question`) REFERENCES `Questions` (`id_Question`),
  ADD CONSTRAINT `Reponses_ibfk_1` FOREIGN KEY (`id_Par`) REFERENCES `Paragraphes` (`id`);

/*!40101 SET CHARACTER_SET_CLIENT=@OLD_CHARACTER_SET_CLIENT */;
/*!40101 SET CHARACTER_SET_RESULTS=@OLD_CHARACTER_SET_RESULTS */;
/*!40101 SET COLLATION_CONNECTION=@OLD_COLLATION_CONNECTION */;
